# 
# Wavefront OBJ file
# Created with Kaydara FBX
# 
mtllib mitsubishiii-rv-2aj.mtl

g Mitsubishiii_RV_2AJ
v -33.641056 324.217590 250.420456
v -33.641056 325.186829 242.438080
v -33.641056 327.068970 257.938934
v -33.641056 329.754639 235.820465
v -33.641056 333.087769 263.271118
v -33.641056 336.874603 232.083618
v -33.641056 340.895111 248.395447
v -33.641056 340.895111 265.195435
v -33.641056 344.915619 232.083618
v -33.641056 348.702454 263.271118
v -33.641056 352.035553 235.820465
v -33.641056 354.721222 257.938934
v -33.641056 356.603363 242.438080
v -33.641056 357.572601 250.420456
v -33.641056 385.026337 251.565109
v -33.641056 386.064819 243.012558
v -33.641056 388.081390 259.620605
v -33.641056 390.958893 235.922241
v -33.641056 394.530090 265.333649
v -33.641056 398.587433 231.918488
v -33.641056 402.895111 249.395447
v -33.641056 402.895111 267.395447
v -33.641056 407.202789 231.918488
v -33.641056 411.260132 265.333649
v -33.641056 414.831299 235.922241
v -33.641056 417.708801 259.620605
v -33.641056 419.725403 243.012558
v -33.641056 420.763855 251.565109
v -32.241058 289.895111 206.395447
v -32.241058 332.645111 206.395447
v -32.241058 455.895111 206.395447
v -32.241051 289.885986 219.399536
v -32.241051 455.904236 219.399536
v -32.103951 288.244873 220.123199
v -32.103951 457.545349 220.123199
v -31.686945 286.612549 220.777252
v -31.686945 459.177673 220.777252
v -31.479853 286.068268 206.395447
v -31.479853 459.721924 206.395447
v -31.212820 285.478394 221.143494
v -31.212820 460.311829 221.143494
v -31.021885 285.110016 221.236725
v -31.021885 460.680176 221.236725
v -30.241056 283.895111 221.395447
v -30.241056 372.895111 221.395447
v -30.241056 461.895111 221.395447
v -29.312124 282.824036 206.395447
v -29.312124 282.824036 221.395447
v -29.312124 462.966187 206.395447
v -29.312124 462.966187 221.395447
v -28.241056 281.895111 221.395447
v -28.241056 463.895111 221.395447
v -27.026144 281.114288 221.236725
v -27.026144 464.675934 221.236725
v -26.657782 280.923340 221.143494
v -26.657782 464.866882 221.143494
v -26.067890 280.656311 206.395447
v -26.067890 465.133911 206.395447
v -25.523617 280.449219 220.777252
v -25.523617 465.341003 220.777252
v -23.891298 280.032196 220.123199
v -23.891298 465.757996 220.123199
v -22.250185 279.895111 219.399536
v -22.250185 465.895081 219.399536
v -22.241056 279.895111 206.395447
v -22.241056 465.895111 206.395447
v -18.041058 308.146118 221.395447
v -18.041058 372.895111 221.395447
v -18.041058 437.644104 221.395447
v -17.596701 306.313782 221.395447
v -17.596701 439.476410 221.395447
v -17.275690 308.146118 221.547684
v -17.275690 437.644104 221.547684
v -16.916357 306.664398 221.547684
v -16.916357 439.125824 221.547684
v -16.626842 308.146118 221.981232
v -16.626842 437.644104 221.981232
v -16.362354 304.888580 221.395447
v -16.362354 440.901642 221.395447
v -16.339590 306.961609 221.981232
v -16.339590 438.828583 221.981232
v -16.193298 308.146118 222.630081
v -16.193298 437.644104 222.630081
v -16.041058 308.146118 223.395447
v -16.041058 308.146118 313.200958
v -16.041058 324.217590 250.420456
v -16.041058 325.186829 242.438080
v -16.041058 327.068970 257.938934
v -16.041058 329.754639 235.820465
v -16.041058 333.087769 263.271118
v -16.041058 336.874603 232.083618
v -16.041058 340.895111 265.195435
v -16.041058 344.915619 232.083618
v -16.041058 348.702454 263.271118
v -16.041058 352.035553 235.820465
v -16.041058 354.721222 257.938934
v -16.041058 356.603363 242.438080
v -16.041058 357.572601 250.420456
v -16.041058 385.026337 251.565109
v -16.041058 386.064819 243.012558
v -16.041058 388.081390 259.620605
v -16.041058 390.958893 235.922241
v -16.041058 394.530090 265.333649
v -16.041058 398.587433 231.918488
v -16.041058 402.895111 267.395447
v -16.041058 407.202789 231.918488
v -16.041058 411.260132 265.333649
v -16.041058 414.831299 235.922241
v -16.041058 417.708801 259.620605
v -16.041058 419.725403 243.012558
v -16.041058 420.763855 251.565109
v -16.041058 437.644104 223.395447
v -16.041058 437.644104 313.200958
v -15.954207 307.160217 222.630081
v -15.954207 438.630005 222.630081
v -15.918194 305.511871 221.547684
v -15.918194 440.278320 221.547684
v -15.818878 307.229950 223.395447
v -15.818878 307.229950 313.200958
v -15.818878 438.560242 223.395447
v -15.818878 438.560242 313.200958
v -15.541652 306.040283 221.981232
v -15.541652 439.749908 221.981232
v -15.290055 306.393372 222.630081
v -15.290055 439.396851 222.630081
v -15.232944 437.748779 318.828705
v -15.201706 306.517334 223.395447
v -15.201706 306.517334 313.200958
v -15.201706 439.272858 223.395447
v -15.201706 439.272858 313.200958
v -15.028284 438.668030 318.729980
v -14.930818 308.002441 319.771881
v -14.732631 307.082031 319.657043
v -14.612268 304.187103 221.395447
v -14.612268 441.603088 221.395447
v -14.502971 304.944641 221.547684
v -14.502971 440.845581 221.547684
v -14.439282 439.381226 318.527252
v -14.410314 305.586823 221.981232
v -14.410314 440.203369 221.981232
v -14.348403 306.015930 222.630081
v -14.348403 439.774261 222.630081
v -14.326662 306.166626 223.395447
v -14.326662 306.166626 313.200958
v -14.326662 439.623596 223.395447
v -14.326662 439.623596 313.200958
v -14.154173 306.368622 319.420258
v -13.780472 437.935608 322.437469
v -13.780431 307.854614 322.437561
v -13.741057 292.895111 206.395447
v -13.741057 292.895111 221.395447
v -13.741057 452.895111 206.395447
v -13.741057 452.895111 221.395447
v -13.597974 439.728485 318.265930
v -13.325542 306.022675 319.114777
v -13.225609 290.803864 206.395447
v -13.225609 290.803864 221.395447
v -13.225609 294.986359 206.395447
v -13.225609 294.986359 221.395447
v -13.225609 450.803864 206.395447
v -13.225609 450.803864 221.395447
v -13.225609 454.986359 206.395447
v -13.225609 454.986359 221.395447
v -12.282179 438.126556 324.872559
v -12.138993 439.057159 324.675385
v -11.797348 289.191681 206.395447
v -11.797348 289.191681 221.395447
v -11.797348 296.598541 206.395447
v -11.797348 296.598541 221.395447
v -11.797348 449.191681 206.395447
v -11.797348 449.191681 221.395447
v -11.797348 456.598541 206.395447
v -11.797348 456.598541 221.395447
v -11.732612 307.594025 325.601563
v -11.653215 439.772430 324.253815
v -11.600444 306.661346 325.393585
v -11.133952 305.945679 324.945465
v -10.937222 440.106995 323.705383
v -10.441669 305.613495 324.361511
v -9.783472 288.427917 206.395447
v -9.783472 288.427917 221.395447
v -9.783472 297.362305 206.395447
v -9.783472 297.362305 221.395447
v -9.783472 448.427917 206.395447
v -9.783472 448.427917 221.395447
v -9.783472 457.362305 206.395447
v -9.783472 457.362305 221.395447
v -7.645335 288.687531 206.395447
v -7.645335 288.687531 221.395447
v -7.645335 297.102692 206.395447
v -7.645335 297.102692 221.395447
v -7.645335 448.687531 206.395447
v -7.645335 448.687531 221.395447
v -7.645335 457.102692 206.395447
v -7.645335 457.102692 221.395447
v -7.512586 307.067596 329.583984
v -7.512586 438.722595 329.583984
v -7.460496 306.118774 329.324310
v -7.460496 439.671417 329.324310
v -7.142739 305.400146 328.730164
v -7.142739 440.390076 328.730164
v -6.636404 305.086029 327.945679
v -6.636404 440.704163 327.945679
v -5.872759 289.911041 206.395447
v -5.872759 289.911041 221.395447
v -5.872759 295.879150 206.395447
v -5.872759 295.879150 221.395447
v -5.872759 449.911041 206.395447
v -5.872759 449.911041 221.395447
v -5.872759 455.879150 206.395447
v -5.872759 455.879150 221.395447
v -4.871819 291.818176 206.395447
v -4.871819 291.818176 221.395447
v -4.871819 293.972015 206.395447
v -4.871819 293.972015 221.395447
v -4.871819 451.818176 206.395447
v -4.871819 451.818176 221.395447
v -4.871819 453.972015 206.395447
v -4.871819 453.972015 221.395447
v -4.741057 292.895111 221.395447
v -4.741057 452.895111 221.395447
v 4.898721 305.445770 338.274475
v 4.898721 440.344452 338.274475
v 4.959367 304.491974 338.018127
v 4.959367 441.298218 338.018127
v 5.285963 303.771667 337.423523
v 5.285963 442.018555 337.423523
v 5.798565 303.461121 336.636169
v 5.798565 442.329102 336.636169
v 17.328495 303.972137 346.977905
v 17.328495 331.368103 346.977905
v 17.328495 414.422089 346.977905
v 17.328495 441.818054 346.977905
v 17.397768 303.013489 346.724945
v 17.397768 442.776733 346.724945
v 17.560499 342.709290 347.140350
v 17.733231 302.291565 346.129852
v 17.733231 443.498627 346.129852
v 17.910364 395.136078 347.385345
v 18.083448 354.223053 347.506531
v 18.252037 301.984680 345.339600
v 18.252037 443.805511 345.339600
v 18.626823 374.836639 347.886993
v 24.629213 442.598206 351.632355
v 24.678320 443.563660 351.371155
v 24.966089 444.287109 350.741425
v 25.420383 444.587158 349.900970
v 29.584919 302.690735 354.314484
v 29.621126 301.720917 354.049255
v 29.876434 300.996521 353.399414
v 30.286234 300.700836 352.529449
v 35.320511 298.196106 221.395447
v 35.320511 447.594086 221.395447
v 35.393513 298.958008 221.547684
v 35.393513 446.832214 221.547684
v 35.455402 299.603882 221.981232
v 35.455402 446.186340 221.981232
v 35.496754 300.035461 222.630081
v 35.496754 445.754761 222.630081
v 35.511276 300.187012 223.395447
v 35.511276 445.603210 223.395447
v 37.433414 443.846649 357.864838
v 37.450420 444.822906 357.595245
v 37.563152 375.029755 358.296051
v 37.654179 445.548767 356.918732
v 37.992424 445.837982 356.008789
v 38.659809 352.859222 358.571320
v 39.104324 396.541870 358.691437
v 40.322037 341.548462 359.042877
v 42.415733 444.291321 359.712708
v 42.421268 445.271362 359.441437
v 42.542000 331.368103 359.755646
v 42.542000 414.422089 359.755646
v 42.592224 445.998047 358.750946
v 42.677200 301.476166 359.801453
v 42.682148 300.495941 359.530121
v 42.851383 299.769226 358.838959
v 42.884407 446.283508 357.819702
v 43.141132 299.483948 357.906677
v 47.709503 300.067322 361.084778
v 47.715611 301.051117 361.356995
v 47.845509 299.339813 360.381744
v 48.088184 299.058075 359.431122
v 56.115692 446.386475 363.055328
v 56.139221 445.397308 363.327698
v 56.196022 447.115204 362.337189
v 56.359066 447.391602 361.362427
v 58.258942 372.895111 364.392029
v 58.258942 372.895111 371.395447
v 58.293636 375.213837 364.393829
v 58.397526 377.527740 374.395447
v 58.397526 377.527740 451.148254
v 58.563240 366.034088 451.148254
v 59.429382 359.476898 364.452118
v 59.444111 386.396820 364.452881
v 59.933689 388.919495 451.148254
v 59.955166 377.434479 474.128906
v 60.005291 366.043823 474.029419
v 61.250595 351.570099 364.543793
v 61.364269 388.737732 474.029419
v 61.478535 350.789185 374.395447
v 61.478535 350.789185 451.148254
v 61.511940 354.779938 473.734528
v 61.605362 299.006195 363.936310
v 61.639648 299.998444 364.208008
v 61.649281 298.276764 363.211334
v 61.759762 298.003418 362.225098
v 62.392120 397.866272 364.600128
v 62.932766 346.388550 364.626526
v 62.932766 346.388550 371.395447
v 62.932766 399.401672 364.626526
v 62.932766 399.401672 371.395447
v 63.008942 279.895111 206.395447
v 63.008942 332.645111 206.395447
v 63.008942 465.895111 206.395447
v 63.758942 372.895111 371.395447
v 63.758942 372.895111 374.395447
v 64.204369 399.741333 473.734528
v 64.399139 365.992126 496.557770
v 64.441528 343.854034 473.254639
v 64.599487 377.156342 496.687714
v 64.647446 403.707520 374.395447
v 64.647446 403.707520 451.148254
v 65.130493 354.901001 496.170441
v 65.370743 340.464386 364.743042
v 65.732895 388.264679 496.557770
v 65.741158 339.672211 451.148254
v 66.323944 338.467499 460.077393
v 66.397758 338.318054 461.189941
v 66.406776 338.299835 461.325531
v 66.408524 338.296326 461.353302
v 66.436119 338.240875 461.802368
v 66.774132 344.010193 495.533264
v 67.782616 399.189301 496.170441
v 67.961182 335.344727 481.263153
v 68.051987 354.906433 507.213745
v 68.416893 410.239532 473.254639
v 68.620941 346.885712 371.395447
v 68.620941 346.885712 374.395447
v 68.620941 398.904510 371.395447
v 68.620941 398.904510 374.395447
v 68.753113 333.951355 488.598297
v 68.777786 333.910828 488.819092
v 68.830925 333.819672 489.064728
v 68.849167 333.788422 489.096680
v 68.860832 333.768494 489.102325
v 68.862137 333.766296 456.199646
v 68.964851 333.967590 492.331757
v 68.969444 333.617157 489.099243
v 69.076622 333.511200 489.096283
v 69.153687 333.619324 492.317047
v 69.196915 333.423553 456.555481
v 69.200752 333.421173 489.092926
v 69.321732 333.357849 456.647217
v 69.365372 333.339874 489.088501
v 69.469521 333.368530 492.293823
v 69.509689 333.296570 456.760559
v 69.636658 333.277161 489.081329
v 69.664253 333.275146 456.834808
v 69.664253 333.275146 489.080627
v 69.858597 333.263489 492.266083
v 70.055145 333.251709 456.923889
v 70.206291 414.236359 451.148254
v 70.259705 297.705627 363.966888
v 70.259705 448.084564 363.966888
v 70.273361 298.436035 364.697998
v 70.273361 447.354187 364.697998
v 70.286453 297.436401 362.969421
v 70.286453 448.353790 362.969421
v 70.323792 299.432526 364.967499
v 70.323792 331.368103 364.967499
v 70.323792 414.422089 364.967499
v 70.323792 446.357697 364.967499
v 70.434357 333.229004 456.892670
v 70.714195 409.806122 495.533264
v 70.994217 333.975494 508.604950
v 71.030899 415.519440 461.325256
v 71.042152 415.536591 461.472778
v 71.156105 333.568024 508.569244
v 71.161446 329.178314 502.363647
v 71.449951 416.149719 466.662842
v 71.481468 333.266937 508.503418
v 71.788322 354.840057 518.041443
v 71.903641 333.141022 508.421021
v 71.954582 333.950958 513.134949
v 72.107254 333.528992 513.093079
v 72.245239 376.698486 518.410461
v 72.373283 329.105743 519.240662
v 72.432335 333.214966 513.012146
v 72.860237 333.083740 512.909607
v 72.933861 333.918091 516.979736
v 73.518860 326.716949 374.395447
v 73.527267 326.705627 453.812073
v 73.567932 292.163818 506.395447
v 73.652870 292.498840 502.668701
v 73.738785 291.519379 506.690460
v 73.879433 419.556915 488.598297
v 73.944145 419.641022 488.850311
v 73.964180 419.667511 489.045593
v 73.990013 419.701630 489.092682
v 74.006386 419.723206 489.102173
v 74.009766 419.727661 456.199646
v 74.087723 419.515503 492.331757
v 74.134102 419.862915 489.099243
v 74.156296 290.922577 506.626984
v 74.235443 292.297028 498.176483
v 74.253159 419.955292 489.096283
v 74.314705 419.992920 456.502441
v 74.316772 419.838776 492.317047
v 74.383057 420.027985 456.555481
v 74.387146 420.029877 489.092926
v 74.400131 398.455261 518.041443
v 74.443893 290.720886 514.746887
v 74.514824 420.078339 456.647217
v 74.531143 293.113922 495.354279
v 74.549461 328.975433 485.786926
v 74.560295 420.090942 489.088501
v 74.584480 291.178528 516.597168
v 74.648117 291.693542 498.179230
v 74.660278 420.050079 492.293823
v 74.708740 420.116699 456.760559
v 74.754013 290.518677 506.578918
v 74.837120 420.120819 489.081329
v 74.856895 290.131012 514.620544
v 74.864769 420.119568 456.834808
v 74.864769 420.119568 489.080627
v 74.955025 290.443237 506.568512
v 75.059105 420.107910 492.266083
v 75.126587 324.625366 453.003479
v 75.127876 420.103790 456.910095
v 75.239838 291.280365 498.222473
v 75.262756 324.582184 453.376129
v 75.438957 291.201843 498.242279
v 75.447716 289.736664 514.485962
v 75.501846 324.645050 453.689392
v 75.634865 420.073456 456.892670
v 75.646355 289.664368 514.446899
v 75.805771 324.803986 453.893463
v 75.993362 292.991486 489.823547
v 76.024681 333.783356 526.275024
v 76.095551 409.188019 517.579651
v 76.101639 419.265503 508.604950
v 76.126122 325.033691 453.955750
v 76.150414 333.328979 526.214722
v 76.281052 289.879913 522.618164
v 76.310997 419.650726 508.569244
v 76.390495 323.079071 365.220123
v 76.390495 323.079071 371.395447
v 76.390495 422.711151 365.220123
v 76.390495 422.711151 371.395447
v 76.391487 292.382050 489.891083
v 76.464920 332.985352 526.082520
v 76.601059 420.015594 502.363647
v 76.669968 419.910858 508.503418
v 76.680725 289.297363 522.430054
v 76.894058 332.842194 525.909790
v 76.963737 291.960602 490.023804
v 77.058075 419.175232 513.134949
v 77.104149 419.985474 508.421021
v 77.156494 291.879333 490.073273
v 77.252480 288.913086 522.210632
v 77.260010 419.575958 513.093079
v 77.427788 293.888824 485.128357
v 77.444710 288.844147 522.143555
v 77.461075 290.114319 526.594727
v 77.562675 289.600647 526.496216
v 77.620239 419.848938 513.012146
v 77.812897 419.943024 519.240662
v 77.839127 289.068451 526.327393
v 78.034271 419.091003 516.979736
v 78.060745 419.928162 512.909607
v 78.094719 328.763123 535.160950
v 78.259407 288.659637 526.116638
v 78.684158 290.148865 498.589844
v 78.756721 288.421326 525.895447
v 78.780952 328.722046 536.437012
v 78.965324 293.584900 481.836670
v 79.182045 317.923401 536.054138
v 79.243507 289.610718 530.679199
v 79.339561 292.970337 481.966034
v 79.342949 289.071930 530.556580
v 79.474464 426.170868 374.395447
v 79.483635 426.180573 453.812317
v 79.609695 288.546387 530.354553
v 79.747833 307.968353 535.625305
v 79.776352 328.662415 538.332336
v 79.879364 292.541748 482.184357
v 79.989075 419.812714 485.786926
v 80.015541 288.146576 530.102417
v 80.061447 292.458130 482.262207
v 80.237000 288.813232 532.311157
v 80.495972 287.918182 529.837646
v 80.498909 288.290894 532.094910
v 80.897552 287.895447 531.825012
v 81.119087 418.855927 526.275024
v 81.218285 427.954773 453.048523
v 81.298149 419.292053 526.214722
v 81.342239 289.040039 534.600220
v 81.358505 427.981506 453.421356
v 81.369553 287.671875 531.541687
v 81.439148 288.470642 534.451782
v 81.588539 427.890717 453.734772
v 81.651413 419.595703 526.082520
v 81.696426 287.951080 534.216980
v 81.759750 333.467285 537.960693
v 81.857834 354.390594 538.655457
v 81.868980 332.996674 537.877991
v 81.871727 427.696930 453.938812
v 82.088097 287.561218 533.923950
v 82.094574 419.686615 525.909790
v 82.157829 332.647308 537.691650
v 82.162933 427.431000 454.000946
v 82.163322 294.501465 475.591156
v 82.284981 328.512207 470.745148
v 82.543678 287.347565 533.621582
v 82.550301 324.389008 371.395447
v 82.550301 324.389008 374.395447
v 82.550301 421.401184 371.395447
v 82.550301 421.401184 374.395447
v 82.556908 332.503082 537.446350
v 82.752045 376.069305 538.898438
v 83.090111 294.064545 474.370819
v 83.139343 429.793488 452.198669
v 83.282043 429.818451 452.567688
v 83.325066 328.449921 547.725098
v 83.378143 315.776794 448.877930
v 83.407738 456.479004 506.395447
v 83.431580 293.445801 474.558044
v 83.509033 429.724060 452.878723
v 83.525330 315.742737 449.232788
v 83.534332 419.600403 535.160950
v 83.665031 456.552155 501.972961
v 83.733307 294.636017 473.185181
v 83.751175 315.823364 449.534882
v 83.784622 429.525238 453.082886
v 83.832794 457.348114 510.510468
v 83.898911 317.825714 547.922180
v 83.926575 293.011414 474.856384
v 84.017227 457.028809 501.945770
v 84.022072 316.006714 449.739227
v 84.065506 429.253174 453.148041
v 84.087570 455.526031 496.344849
v 84.093864 292.925873 474.960815
v 84.184860 457.819763 510.435791
v 84.220566 419.559296 536.437012
v 84.297714 316.265503 449.815460
v 84.328995 457.251648 515.527710
v 84.346527 294.169464 472.527954
v 84.409081 397.263977 538.665161
v 84.492691 307.903229 547.482361
v 84.493660 457.382263 501.937500
v 84.583618 328.374542 554.089417
v 84.660576 458.166199 510.360474
v 84.678040 293.549805 472.729462
v 84.769302 455.679291 493.512817
v 85.005417 328.349304 560.563599
v 85.005417 328.349304 581.395447
v 85.005417 328.349304 670.446899
v 85.005417 328.349304 756.395447
v 85.052414 457.581421 501.948914
v 85.114632 456.161316 493.532501
v 85.128197 454.989716 491.234558
v 85.159409 293.114166 473.047607
v 85.171219 333.263000 543.028748
v 85.194313 458.025146 518.631775
v 85.215965 419.499695 538.332336
v 85.218086 458.356903 510.291107
v 85.271370 332.792938 542.932617
v 85.322197 293.028168 473.158569
v 85.460724 317.547516 560.249878
v 85.482384 294.596039 221.395447
v 85.482384 451.194153 221.395447
v 85.518929 295.360535 221.547684
v 85.518929 450.429688 221.547684
v 85.539604 458.492432 518.511658
v 85.539742 332.444794 542.715820
v 85.549911 296.008636 221.981232
v 85.549911 449.781555 221.981232
v 85.570610 296.441681 222.630081
v 85.570610 449.348511 222.630081
v 85.577881 296.593750 223.395447
v 85.577881 449.196442 223.395447
v 85.581848 456.522339 493.590576
v 85.595322 328.313965 763.904297
v 85.740005 332.312469 453.125916
v 85.765259 328.303802 577.568604
v 85.911865 332.302185 542.430481
v 85.917564 454.679230 488.406891
v 85.921623 432.245697 365.567291
v 85.956932 411.474426 538.245911
v 85.983856 313.492310 365.569366
v 86.005203 458.832733 518.372314
v 86.129837 456.730560 493.681915
v 86.132141 328.281830 676.155457
v 86.291924 287.705139 546.321167
v 86.436485 287.131836 546.243591
v 86.550156 459.016052 518.226013
v 86.654488 286.272369 542.376831
v 86.716225 289.667877 486.932526
v 86.757423 286.609039 546.121277
v 86.850891 418.485321 537.960693
v 87.015495 418.939514 537.877991
v 87.066696 296.034271 559.417297
v 87.123756 454.749207 485.312225
v 87.220581 286.217163 545.968933
v 87.264221 312.442535 446.954315
v 87.343979 419.251923 537.691650
v 87.414970 312.413971 447.301514
v 87.455360 455.236847 485.377289
v 87.462769 287.416321 551.897705
v 87.517494 458.048615 526.594727
v 87.603912 356.557495 756.395447
v 87.616608 286.841766 551.854553
v 87.634155 312.501892 447.598663
v 87.634377 439.927521 535.631042
v 87.669464 334.200500 756.395447
v 87.706001 458.599762 526.482056
v 87.724602 419.349487 470.745148
v 87.757416 419.347504 537.446350
v 87.889404 288.153015 756.395447
v 87.890198 312.693665 447.802979
v 87.903603 455.605774 485.499603
v 87.929108 328.174225 574.324402
v 87.933220 287.764557 751.335693
v 87.950768 286.317413 551.786377
v 87.962021 287.510742 746.655396
v 87.965118 287.301300 557.559875
v 87.986160 287.298859 558.997437
v 87.986160 287.298859 736.895447
v 88.038063 459.063171 526.317749
v 88.043015 287.580078 756.447571
v 88.044670 288.485443 760.466553
v 88.082840 294.906769 467.629211
v 88.087746 287.189880 751.374023
v 88.116920 286.935455 746.681152
v 88.120941 286.725739 557.551208
v 88.129730 371.740112 756.395447
v 88.135368 371.776306 755.792786
v 88.146202 312.961609 447.885040
v 88.146736 372.064606 758.168457
v 88.219650 373.422150 760.138000
v 88.240150 286.527496 558.997437
v 88.240150 286.527496 736.895447
v 88.259460 372.619019 753.555115
v 88.338966 375.537842 761.250122
v 88.378487 287.055634 756.497192
v 88.424652 286.664093 751.410522
v 88.429024 455.823547 485.668427
v 88.429443 285.923828 551.701294
v 88.454163 286.409210 746.705627
v 88.458946 286.199585 557.537537
v 88.476578 374.400543 751.968140
v 88.482025 377.926697 761.250122
v 88.484467 459.398041 526.116333
v 88.606750 288.200562 763.805481
v 88.616043 380.041504 760.138000
v 88.654831 458.715149 528.768127
v 88.667076 376.716888 751.395447
v 88.705650 381.398041 758.168457
v 88.727493 381.722229 756.395447
v 88.727722 457.868378 498.589844
v 88.728767 381.685638 755.792786
v 88.751411 380.834137 753.555115
v 88.754372 379.039459 751.968140
v 88.764679 419.287201 547.725098
v 88.779884 285.920715 558.997437
v 88.779884 285.920715 736.895447
v 88.860062 286.660004 756.536926
v 88.907883 286.267975 751.439697
v 88.936348 287.670258 763.793213
v 88.937653 286.012817 746.725220
v 88.941971 285.714233 551.456421
v 88.942917 285.803650 557.520386
v 88.987251 459.207611 528.580688
v 89.003815 328.488708 827.440430
v 89.005920 459.574921 525.895447
v 89.051697 334.113892 826.806885
v 89.110191 328.531464 826.725342
v 89.166176 356.463959 838.885437
v 89.231743 322.851074 827.115417
v 89.342735 328.089569 681.004944
v 89.347298 458.335938 530.679199
v 89.410484 287.266418 763.747070
v 89.412148 286.438293 756.562012
v 89.444031 375.668579 548.019348
v 89.445091 459.559479 528.346741
v 89.451553 322.040344 827.103394
v 89.458641 286.047455 751.458008
v 89.466690 328.578430 826.092957
v 89.480759 285.863678 748.265198
v 89.489449 285.792023 746.737488
v 89.493965 285.583832 557.502502
v 89.510315 458.858978 530.556580
v 89.516373 285.578552 558.997437
v 89.516373 285.578552 736.895447
v 89.517387 449.474854 535.141602
v 89.522530 322.640167 826.139771
v 89.645172 322.776245 838.790955
v 89.784370 294.488007 465.965332
v 89.837875 459.348938 530.354553
v 89.842552 334.070374 825.923828
v 89.901718 334.066833 742.276306
v 89.951523 285.476959 525.895447
v 89.951523 285.476959 736.895447
v 89.954681 287.035461 763.675720
v 89.957710 459.732513 528.101135
v 90.003197 328.621704 825.643188
v 90.017296 396.859100 756.395447
v 90.023232 419.211823 554.089417
v 90.072922 293.865479 466.217743
v 90.112679 453.483429 478.314484
v 90.156250 289.225098 770.565735
v 90.162971 322.922363 825.362244
v 90.216728 321.908234 825.704712
v 90.227745 328.036560 778.187012
v 90.261543 455.291534 481.299225
v 90.262360 418.281036 543.028748
v 90.288536 459.697479 530.102417
v 90.413589 321.172089 826.806946
v 90.417892 418.735779 542.932617
v 90.430992 288.736176 770.963257
v 90.445030 419.186554 560.563599
v 90.445030 419.186554 581.395447
v 90.445030 419.186554 670.446899
v 90.445030 419.186554 756.395447
v 90.490829 353.566467 868.325378
v 90.495316 293.425873 466.606384
v 90.638618 293.338562 466.740723
v 90.677170 453.784271 477.559326
v 90.724319 376.593719 741.717163
v 90.725891 419.049408 542.715820
v 90.744240 288.200775 770.890869
v 90.792793 459.866913 529.837646
v 90.918289 353.540894 869.222351
v 90.988472 454.277649 477.667206
v 91.034935 419.151245 763.904297
v 91.053864 396.866058 547.721313
v 91.112373 419.146606 542.430481
v 91.126282 285.406616 516.203186
v 91.167542 327.980286 572.156677
v 91.196320 287.789825 770.761353
v 91.204872 419.141052 577.568604
v 91.226791 332.900360 549.939880
v 91.263535 376.561432 867.997986
v 91.310837 332.431274 549.825317
v 91.329063 285.394470 747.377625
v 91.407433 321.810364 873.601074
v 91.408356 454.654724 477.850281
v 91.420776 376.552002 868.679626
v 91.440979 353.509583 869.642578
v 91.499130 458.652069 534.600220
v 91.542892 332.085297 549.567139
v 91.571754 419.119080 676.155457
v 91.579559 396.765564 838.885437
v 91.662437 459.203918 534.452454
v 91.663506 426.802246 560.346802
v 91.716148 287.550873 770.596252
v 91.739059 321.276367 873.578064
v 91.867233 331.945557 549.227234
v 91.899864 454.882294 478.092407
v 91.977875 459.687805 534.218994
v 91.987335 376.518066 869.420105
v 92.068253 387.852936 867.997986
v 92.225235 387.839966 868.679626
v 92.312080 320.819916 873.542603
v 92.352768 439.426392 547.488281
v 92.381668 289.555603 775.918579
v 92.410606 460.028351 533.927490
v 92.413643 353.451355 869.895447
v 92.523148 411.081207 547.192871
v 92.614784 322.254181 896.475220
v 92.750427 419.048523 756.395447
v 92.752899 321.570801 896.167419
v 92.765564 458.850220 536.826050
v 92.790878 387.793213 869.420105
v 92.838860 437.425079 447.853760
v 92.893959 460.189056 533.621582
v 92.903183 320.616974 873.508606
v 92.942184 459.403442 536.690613
v 92.990723 437.438263 448.204498
v 93.038422 376.455139 869.871094
v 93.066254 308.214478 374.395447
v 93.083321 308.203217 444.089844
v 93.086357 321.038147 896.139954
v 93.201370 437.327728 448.503937
v 93.205429 452.811768 473.185364
v 93.255196 294.253265 221.395447
v 93.255196 451.536926 221.395447
v 93.258942 281.895111 221.395447
v 93.258942 463.895111 221.395447
v 93.275970 459.887299 536.476746
v 93.368729 419.011475 574.324402
v 93.439995 437.109680 448.708282
v 93.467468 289.169464 777.715942
v 93.539108 399.466370 869.034424
v 93.660744 320.584015 896.097778
v 93.671700 436.815948 448.787659
v 93.729340 353.372559 920.266174
v 93.729462 460.225708 536.210083
v 93.754288 288.629944 777.586914
v 93.791862 327.823120 458.358673
v 93.840271 387.706451 869.871094
v 93.919350 418.978516 827.729553
v 93.941124 320.436829 825.273376
v 94.154007 327.801453 684.265442
v 94.170227 288.213196 777.378723
v 94.252258 320.383453 896.057251
v 94.263687 448.937897 546.986145
v 94.274109 321.967651 920.059448
v 94.420143 289.751221 779.562988
v 94.442070 287.308380 773.022400
v 94.501274 399.408722 869.782532
v 94.534309 459.110870 540.517822
v 94.540665 418.942352 826.241821
v 94.540833 321.066772 920.026611
v 94.582260 285.199677 507.074158
v 94.649811 287.967743 777.125061
v 94.727882 459.663422 540.404541
v 94.782349 418.926819 681.004944
v 94.857391 424.505096 826.725342
v 94.880997 353.303589 926.776489
v 94.967926 320.575317 919.982544
v 94.982681 418.914825 742.276306
v 94.987534 327.751526 571.395447
v 95.084084 460.145599 540.226013
v 95.163338 399.369080 869.895447
v 95.205734 424.415924 826.092957
v 95.367790 285.152618 757.145447
v 95.424019 452.387024 470.132690
v 95.429955 320.184052 841.645447
v 95.562584 460.481537 540.003601
v 95.637856 320.193115 863.145447
v 95.655960 430.130402 827.115417
v 95.667366 418.873840 778.187012
v 95.727310 321.104980 926.934326
v 95.733246 424.308929 825.643188
v 95.928291 449.090942 559.505371
v 95.936592 320.099518 919.889893
v 95.950813 430.159210 826.081116
v 95.975105 320.107849 865.528320
v 96.061920 320.538177 926.811646
v 96.080818 320.302673 841.645447
v 96.133492 430.987061 826.618530
v 96.136101 294.669250 460.275818
v 96.177444 460.646881 540.020813
v 96.228615 320.072937 838.877197
v 96.268349 321.658478 929.121826
v 96.317932 417.918396 549.939880
v 96.351524 295.144012 459.964813
v 96.374542 294.045013 460.572449
v 96.379967 333.678894 729.539246
v 96.457352 418.374115 549.825317
v 96.479034 399.290314 920.266174
v 96.516205 320.830872 863.145447
v 96.519791 320.309113 865.240845
v 96.548805 320.924469 841.645447
v 96.572739 459.386719 546.321167
v 96.605484 430.186127 851.520081
v 96.607155 418.817566 572.156677
v 96.615479 320.088928 926.631592
v 96.628708 429.856842 825.318604
v 96.673523 430.568024 825.470581
v 96.728043 293.602997 461.022308
v 96.729050 418.689941 549.567139
v 96.759789 457.387390 486.932526
v 96.784691 459.938690 546.243591
v 96.814919 430.836273 851.021545
v 96.848549 293.514893 461.176971
v 96.848625 320.919647 930.245911
v 96.863571 320.618805 839.452515
v 96.890472 320.878235 865.144348
v 96.916176 431.305298 825.969727
v 97.008942 305.778137 365.894836
v 97.008942 305.778137 371.395447
v 97.008942 440.012085 365.894836
v 97.008942 440.012085 371.395447
v 97.040749 431.679352 826.955261
v 97.067741 418.789978 549.227234
v 97.165726 460.419464 546.121277
v 97.172020 320.355957 930.084900
v 97.192986 319.893250 926.456421
v 97.206535 431.328156 851.002869
v 97.299683 289.034088 477.539612
v 97.342613 333.621246 841.645447
v 97.342613 333.621246 863.145447
v 97.375755 305.567688 441.986542
v 97.391350 321.095642 821.266785
v 97.422073 321.781189 821.131531
v 97.459129 376.190399 728.475647
v 97.515450 321.467377 932.091980
v 97.531563 305.555145 442.315338
v 97.569321 320.290009 821.793701
v 97.625359 289.484497 783.850159
v 97.628754 320.055328 867.326538
v 97.637726 319.821350 868.258484
v 97.672333 460.753235 545.968933
v 97.678711 333.601135 839.663757
v 97.678711 333.601135 865.127136
v 97.707916 319.911469 929.848389
v 97.732361 305.659424 442.600586
v 97.750526 320.517944 931.925781
v 97.826294 320.105957 837.384949
v 97.829018 431.714966 850.974304
v 97.876389 288.941895 783.669678
v 97.938950 319.803711 822.562378
v 97.940300 430.904022 873.601074
v 97.951546 305.866699 442.804413
v 98.027237 452.330597 467.203827
v 98.094452 321.078003 933.312927
v 98.105362 458.751434 756.395447
v 98.160049 306.149475 442.899841
v 98.194214 353.105194 869.895447
v 98.243111 288.520874 783.389893
v 98.254105 459.380432 746.655396
v 98.267464 320.717163 867.331238
v 98.267494 319.720520 929.618347
v 98.288200 459.524109 742.315430
v 98.296951 452.832581 467.368958
v 98.303360 459.587921 558.997437
v 98.303360 459.587921 736.895447
v 98.326691 459.302704 756.447632
v 98.333282 431.394653 873.578064
v 98.397575 319.765869 836.318420
v 98.432693 319.795685 931.568420
v 98.440025 431.847900 850.946838
v 98.472488 458.892426 760.966980
v 98.476547 459.933136 746.681152
v 98.510895 460.077118 742.329651
v 98.613029 399.162506 929.989746
v 98.641731 460.315582 558.997437
v 98.641731 460.315582 736.895447
v 98.658432 453.221771 467.633240
v 98.667679 288.270538 783.055725
v 98.723320 459.783813 756.497375
v 98.725388 320.320801 836.920288
v 98.846222 319.843506 932.942078
v 98.849922 457.965393 765.217224
v 98.866264 459.377014 760.978577
v 98.874184 460.415375 746.705627
v 98.908760 460.559601 742.343201
v 98.956673 431.779449 873.542603
v 98.967010 460.992340 548.882874
v 98.980392 319.607849 931.309143
v 99.039154 327.508911 790.336548
v 99.079857 453.463959 467.973480
v 99.231476 418.660400 458.358673
v 99.249916 460.119080 756.537109
v 99.251617 460.859039 558.997437
v 99.251617 460.859039 736.895447
v 99.270355 418.658081 450.705505
v 99.291100 333.504578 837.216736
v 99.291100 333.504578 867.574158
v 99.324982 319.635712 869.028320
v 99.389442 459.717804 760.965576
v 99.401527 460.751221 746.725220
v 99.436264 460.895599 742.354004
v 99.521072 319.526367 932.633667
v 99.567780 431.910370 873.508606
v 99.593620 418.638733 684.265442
v 99.663452 320.123505 868.533997
v 99.733467 458.166443 768.222046
v 99.810539 332.386353 556.917542
v 99.821846 460.272156 756.562012
v 99.871758 331.918640 556.784424
v 99.932167 459.912506 760.563599
v 99.959137 460.834564 748.265198
v 99.961899 459.878113 760.931396
v 99.976440 460.904694 746.737549
v 100.012047 461.049133 742.360840
v 100.027931 461.113312 558.997437
v 100.027931 461.113312 736.895447
v 100.052361 331.575714 556.484375
v 100.115662 458.657867 768.172668
v 100.118629 284.868134 499.038971
v 100.253426 319.410339 869.806213
v 100.276260 290.054291 786.977844
v 100.308968 331.440033 556.089417
v 100.343246 352.976501 939.013550
v 100.427147 418.588806 571.395447
v 100.472099 461.162262 525.895447
v 100.472099 461.162262 736.895447
v 100.623436 459.008118 768.075073
v 100.764488 319.937622 835.798096
v 100.766617 430.399414 920.059570
v 100.882347 319.326477 834.998901
v 100.928452 430.405853 921.458069
v 100.943909 399.022919 869.895447
v 101.090218 442.208374 374.395447
v 101.104507 442.215515 444.091675
v 101.144539 431.033325 921.425232
v 101.283356 431.426849 920.013611
v 101.460922 418.526886 729.539246
v 101.509773 431.051117 923.632996
v 101.556282 431.558044 921.366638
v 101.557800 430.430145 924.916565
v 101.646851 461.091888 516.203186
v 101.651459 319.263153 869.859070
v 101.792488 284.767883 765.533264
v 101.849632 461.079742 747.377625
v 101.868462 333.350220 835.827332
v 101.868462 333.350220 868.963562
v 101.889359 456.951111 774.833130
v 101.917801 431.575195 923.548706
v 101.927879 288.404419 786.623352
v 101.946625 431.902832 919.952881
v 101.979317 312.666412 443.618011
v 101.996765 320.066162 869.131958
v 102.133659 451.294189 462.911926
v 102.227280 457.388947 775.145691
v 102.301750 431.088318 926.894043
v 102.486023 432.004883 921.238770
v 102.533852 431.957092 923.424927
v 102.587639 457.887573 775.038208
v 102.641258 432.062134 919.889832
v 102.701736 431.611145 926.771851
v 102.754395 289.668945 789.156006
v 102.818863 458.637024 772.864014
v 102.933212 374.860809 559.455688
v 102.953300 319.172821 835.196350
v 102.961464 289.124420 788.930969
v 103.065689 458.247742 774.859985
v 103.143616 432.084351 923.304565
v 103.185684 321.894287 941.315247
v 103.188705 318.973236 870.100220
v 103.252426 294.707428 455.593414
v 103.267586 288.700745 788.589172
v 103.305130 431.991150 926.592407
v 103.434738 294.082672 455.926514
v 103.504395 319.838013 835.730774
v 103.624275 288.447418 788.185242
v 103.665779 308.443359 371.395447
v 103.665779 308.443359 374.395447
v 103.665779 437.346863 371.395447
v 103.665779 437.346863 374.395447
v 103.710968 293.639893 456.426849
v 103.738297 443.470795 442.882874
v 103.805901 293.551544 456.598297
v 103.894356 443.467712 443.214844
v 103.902054 432.116547 926.417969
v 104.014702 319.417358 869.064270
v 104.085007 443.342499 443.502136
v 104.106918 318.898529 869.695923
v 104.156212 451.382324 461.309296
v 104.284607 443.112000 443.706116
v 104.391373 451.889832 461.507050
v 104.446556 396.064056 559.074646
v 104.466286 442.807220 443.799286
v 104.478767 418.346191 790.336548
v 104.575310 430.532806 933.339661
v 104.704178 452.286896 461.817688
v 104.711990 458.808014 773.022400
v 104.724022 320.005066 817.003174
v 104.743843 320.692230 816.874268
v 104.795303 333.174957 835.827332
v 104.795303 333.174957 868.963562
v 104.826988 331.169464 447.179932
v 104.837639 320.123688 940.955444
v 104.901688 417.404388 556.917542
v 104.914597 319.197540 817.522705
v 104.974335 318.720093 835.163025
v 105.004486 286.675873 781.141785
v 105.008751 398.779510 941.674377
v 105.018272 417.861450 556.784424
v 105.028122 431.524872 933.177673
v 105.067116 452.538513 462.213867
v 105.102837 460.884949 507.074158
v 105.157944 319.496765 836.226257
v 105.238510 418.180359 556.484375
v 105.239487 318.901611 835.894897
v 105.291580 318.710144 818.287170
v 105.458366 321.463684 943.632751
v 105.509476 418.284454 556.089417
v 105.747757 320.835358 943.385010
v 105.749771 410.289154 558.398438
v 105.870071 456.587250 781.514465
v 105.888367 460.837921 757.145447
v 106.004250 432.149689 932.748901
v 106.011925 319.118439 868.136902
v 106.116608 295.134888 453.978119
v 106.180359 456.044312 782.231140
v 106.199020 457.093140 781.353577
v 106.287041 318.585815 868.659851
v 106.314560 320.312500 942.857117
v 106.470078 333.074677 719.431091
v 106.633949 457.463409 781.101074
v 106.753014 319.261963 837.368896
v 106.770630 319.345398 867.377686
v 106.955315 444.843689 366.118866
v 107.050621 300.908417 366.120697
v 107.101662 318.498840 836.915405
v 107.108383 457.656799 780.797607
v 107.185852 318.625946 867.435181
v 107.343239 456.753632 477.539612
v 107.372673 333.020630 837.216736
v 107.372673 333.020630 867.574158
v 107.413620 284.431274 492.564606
v 107.585854 318.365906 867.822876
v 107.598610 318.746216 935.576233
v 107.823769 331.906494 561.439148
v 107.838684 290.140747 793.081116
v 107.863625 331.440033 561.294006
v 107.880692 295.108032 453.161835
v 107.948845 375.562256 717.967163
v 107.996078 331.100037 560.966797
v 108.008690 319.003601 839.183350
v 108.181084 318.811432 865.329468
v 108.189316 330.968140 560.536072
v 108.213036 326.959534 449.550049
v 108.419037 429.655365 939.763428
v 108.460373 300.362091 436.582550
v 108.503090 319.101379 841.443115
v 108.531715 318.912415 863.145447
v 108.615761 300.368164 436.893463
v 108.622513 431.495026 937.460815
v 108.645859 318.241150 865.979004
v 108.655457 318.268890 839.082214
v 108.720581 289.716949 793.503967
v 108.794945 300.486603 437.166809
v 108.876617 289.171783 793.242310
v 108.956024 318.289246 841.429077
v 108.976257 300.703125 437.369537
v 108.985062 332.924072 839.663757
v 108.985062 332.924072 865.127136
v 109.008789 320.373474 945.092407
v 109.012154 330.918854 445.683167
v 109.112221 288.747131 792.849670
v 109.137794 300.991516 437.477173
v 109.141739 318.226624 863.145447
v 109.321159 332.903931 841.645447
v 109.321159 332.903931 863.145447
v 109.389870 288.492706 792.388367
v 109.455849 352.430817 948.829346
v 109.652138 322.217133 947.455750
v 109.819450 288.284363 470.956970
v 110.011642 418.980164 447.027557
v 110.119522 455.394135 786.919006
v 110.165314 284.266510 771.969482
v 110.560875 455.785065 787.156860
v 110.639198 460.553406 499.038971
v 110.783951 321.722870 948.140686
v 110.849609 456.298187 786.948608
v 110.983604 294.600433 452.016754
v 111.007202 321.087067 947.847717
v 111.104607 450.479553 456.397858
v 111.104904 293.976349 452.377716
v 111.167007 326.782654 799.163757
v 111.171501 450.113770 456.241638
v 111.229156 456.678406 786.630188
v 111.297089 293.534454 452.916718
v 111.300613 450.992340 456.622864
v 111.342003 320.629333 947.388000
v 111.364204 293.446411 453.100983
v 111.388153 429.675140 943.059631
v 111.403503 430.424164 816.823181
v 111.413902 456.918091 786.020813
v 111.471214 431.136230 816.962036
v 111.551033 417.922668 719.431091
v 111.558212 451.396820 456.972198
v 111.678345 317.851593 932.535034
v 111.737976 431.874451 817.447327
v 111.757301 430.262573 942.817627
v 111.854736 451.657410 457.415070
v 112.038124 295.930725 365.208160
v 112.038124 449.859497 365.208160
v 112.043068 296.662567 365.940094
v 112.043068 449.127655 365.940094
v 112.047867 295.662598 364.208496
v 112.047867 450.127594 364.208496
v 112.050819 299.110443 434.838715
v 112.061394 297.662109 366.208252
v 112.061394 448.128113 366.208252
v 112.141296 432.307709 818.160767
v 112.204918 299.122498 435.144226
v 112.313065 460.453186 765.533264
v 112.376816 299.244781 435.413940
v 112.394501 430.710571 942.301270
v 112.546356 299.462921 435.616211
v 112.598770 455.037109 789.271973
v 112.693665 299.751343 435.727325
v 112.914909 416.924530 561.439148
v 113.010139 417.382874 561.294006
v 113.182228 417.704651 560.966797
v 113.389824 417.812561 560.536072
v 113.652649 417.796814 449.550049
v 113.883904 319.555573 944.559387
v 113.979286 451.410126 456.204498
v 114.064117 417.772186 445.737518
v 114.265839 431.978668 935.800232
v 114.274956 428.595123 946.059570
v 114.809380 398.192627 950.684692
v 115.274414 458.175507 781.141785
v 115.275345 352.082306 860.607910
v 115.353035 289.624969 796.763611
v 115.452347 289.080414 796.474487
v 115.507881 447.702484 437.426331
v 115.609512 288.656586 796.043579
v 115.631660 318.265167 938.877075
v 115.662209 447.680756 437.739899
v 115.799179 288.403046 795.539246
v 115.829659 447.543304 438.015015
v 115.989693 447.307037 438.217957
v 116.043289 283.914520 488.027283
v 116.122688 447.000885 438.323822
v 116.531395 428.780579 947.663940
v 116.585846 289.993713 797.329346
v 116.606621 417.619934 799.163757
v 116.836929 429.383484 947.375732
v 116.842873 321.826843 951.612000
v 116.992805 321.186554 951.284180
v 117.016441 294.864655 450.010040
v 117.082397 331.352051 564.868469
v 117.123154 449.460358 453.162109
v 117.234856 429.795624 946.923157
v 117.304688 285.939301 786.245789
v 117.307701 320.639648 950.594910
v 117.541580 373.986023 988.195435
v 117.578331 373.384460 980.195435
v 117.578331 373.384460 988.195435
v 117.602974 297.551819 366.285553
v 117.602974 448.238403 366.285553
v 117.649857 374.578888 980.195435
v 117.649857 374.578888 988.195435
v 117.763016 297.513428 374.395447
v 117.772324 297.511200 432.064941
v 117.808884 322.302948 952.145264
v 117.934196 460.116577 492.564606
v 118.025040 398.000061 860.607910
v 118.070076 372.293579 980.195435
v 118.070076 372.293579 988.195435
v 118.223656 331.283722 565.175110
v 118.235855 330.818939 565.020020
v 118.268272 375.603271 980.195435
v 118.268272 375.603271 988.195435
v 118.305954 330.482635 564.670410
v 118.417122 330.355652 564.210266
v 118.497360 430.473389 812.736572
v 118.576042 431.185547 812.869080
v 118.676781 432.415314 932.522278
v 118.709007 449.644958 452.585602
v 118.854362 431.923828 813.347778
v 118.862144 450.162598 452.831787
v 119.012451 371.556213 980.195435
v 119.012451 371.556213 988.195435
v 119.059258 450.573914 453.211212
v 119.098732 373.892761 566.606750
v 119.155823 294.349396 449.628174
v 119.184357 332.313293 712.941223
v 119.212578 293.727173 450.007782
v 119.264687 432.357178 814.057129
v 119.282990 450.842743 453.690430
v 119.291908 376.222931 980.195435
v 119.291908 376.222931 988.195435
v 119.353523 293.200623 450.765472
v 119.498482 429.626648 948.005066
v 119.506882 318.977142 808.306885
v 119.507683 318.301270 808.418518
v 119.710968 317.501831 808.899780
v 119.863014 456.003906 470.956970
v 119.915680 283.682617 776.015442
v 120.037109 373.836578 980.195435
v 120.037109 373.836578 988.195435
v 120.189560 371.341217 980.195435
v 120.189560 371.341217 988.195435
v 120.190765 311.172821 436.483429
v 120.201515 316.965790 809.833557
v 120.301483 332.246399 808.306885
v 120.486259 376.295898 980.195435
v 120.486259 376.295898 988.195435
v 120.493851 395.103119 566.172241
v 120.623070 454.063690 794.803223
v 120.685890 459.951782 771.969482
v 120.892479 454.454163 794.801208
v 121.092873 454.979095 794.528625
v 121.166656 374.770721 711.220276
v 121.243324 351.724945 955.173279
v 121.299271 449.050049 451.500092
v 121.331741 371.697906 980.195435
v 121.331741 371.697906 988.195435
v 121.339134 427.590729 950.841858
v 121.350395 455.375732 794.120728
v 121.480675 362.593262 988.195435
v 121.517426 361.991699 980.195435
v 121.517426 361.991699 988.195435
v 121.517464 296.714844 366.170898
v 121.577713 375.805450 980.195435
v 121.577713 375.805450 988.195435
v 121.583160 409.341003 565.394958
v 121.588951 363.186127 980.195435
v 121.588951 363.186127 988.195435
v 121.626045 455.598785 793.642334
v 121.785034 293.101074 450.303802
v 122.009178 360.900818 980.195435
v 122.009178 360.900818 988.195435
v 122.177338 372.544525 980.195435
v 122.177338 372.544525 988.195435
v 122.207375 364.210510 980.195435
v 122.207375 364.210510 988.195435
v 122.234695 331.043518 566.064697
v 122.236198 330.579376 565.907227
v 122.282204 330.244537 565.552307
v 122.301208 296.572510 371.395447
v 122.301208 449.217712 371.395447
v 122.304794 449.218323 366.116455
v 122.316238 374.863983 980.195435
v 122.316238 374.863983 988.195435
v 122.335464 431.495453 939.116089
v 122.361649 330.119446 565.085083
v 122.386284 427.707306 951.299377
v 122.446037 289.394226 798.828918
v 122.484665 288.851501 798.522339
v 122.532639 373.687134 980.195435
v 122.532639 373.687134 988.195435
v 122.557877 288.430237 798.067139
v 122.653336 288.179565 797.535522
v 122.672180 428.562714 950.930054
v 122.812119 384.827271 988.195435
v 122.848869 384.225708 980.195435
v 122.848869 384.225708 988.195435
v 122.920395 385.420166 980.195435
v 122.920395 385.420166 988.195435
v 122.951546 360.163452 980.195435
v 122.951546 360.163452 988.195435
v 122.962593 316.686127 930.785583
v 122.992195 330.081696 440.156036
v 122.993172 449.336487 366.062164
v 123.006477 296.451508 366.061066
v 123.021317 319.008423 946.733154
v 123.066605 429.065369 950.248047
v 123.213440 320.572693 952.714417
v 123.231010 364.830170 980.195435
v 123.231010 364.830170 988.195435
v 123.314796 416.301758 565.175110
v 123.340622 383.134857 980.195435
v 123.340622 383.134857 988.195435
v 123.382378 416.761780 565.020020
v 123.434898 321.753052 953.924805
v 123.492104 417.087280 564.670410
v 123.506165 321.111511 953.573730
v 123.538811 386.444550 980.195435
v 123.538811 386.444550 988.195435
v 123.547935 287.462280 467.567139
v 123.617630 417.200104 564.210266
v 123.876389 317.771454 940.838501
v 123.976204 362.443817 980.195435
v 123.976204 362.443817 988.195435
v 123.984116 289.715881 799.210510
v 124.128654 359.948456 980.195435
v 124.128654 359.948456 988.195435
v 124.169861 296.266510 428.969757
v 124.265312 417.161316 712.941223
v 124.282990 382.397461 980.195435
v 124.282990 382.397461 988.195435
v 124.315956 296.297852 429.258423
v 124.330406 449.547821 365.940704
v 124.425362 364.903137 980.195435
v 124.425362 364.903137 988.195435
v 124.462418 296.430328 429.516602
v 124.474396 325.985779 444.975403
v 124.538208 432.334778 932.058167
v 124.562447 387.064209 980.195435
v 124.562447 387.064209 988.195435
v 124.593765 296.650024 429.717010
v 124.696129 296.933624 429.838440
v 125.066101 325.950348 697.341736
v 125.146416 455.234650 795.283752
v 125.270844 360.305145 980.195435
v 125.270844 360.305145 988.195435
v 125.307648 384.677856 980.195435
v 125.307648 384.677856 988.195435
v 125.382446 417.094391 808.306885
v 125.424156 325.928894 803.804504
v 125.424438 283.352753 505.792755
v 125.424438 283.352753 755.792786
v 125.460098 382.182495 980.195435
v 125.460098 382.182495 988.195435
v 125.506096 283.347839 485.690735
v 125.516815 364.412689 980.195435
v 125.516815 364.412689 988.195435
v 125.569649 432.341278 810.989319
v 125.712379 283.335510 508.168457
v 125.712379 283.335510 758.168457
v 125.727760 289.633636 799.454407
v 125.756798 387.137177 980.195435
v 125.756798 387.137177 988.195435
v 125.826912 322.125641 954.540161
v 126.116440 361.151764 980.195435
v 126.116440 361.151764 988.195435
v 126.177048 430.363678 808.306885
v 126.255333 363.471222 980.195435
v 126.255333 363.471222 988.195435
v 126.258507 431.034607 808.418518
v 126.271545 283.302002 503.555115
v 126.271545 283.302002 753.555115
v 126.396645 318.402405 805.546387
v 126.471733 362.294373 980.195435
v 126.471733 362.294373 988.195435
v 126.555740 431.804108 808.899780
v 126.563858 459.599792 488.027283
v 126.602280 382.539185 980.195435
v 126.602280 382.539185 988.195435
v 126.807068 448.897552 449.954041
v 126.848259 386.646729 980.195435
v 126.848259 386.646729 988.195435
v 126.887535 449.885681 374.395447
v 126.894417 449.886475 432.066193
v 126.914536 449.419464 450.214905
v 126.916748 317.661163 805.547302
v 126.977005 316.877747 806.090088
v 126.978073 397.463928 956.067444
v 127.047165 449.836884 450.615112
v 127.069420 283.254242 510.138000
v 127.069420 283.254242 760.138000
v 127.106750 432.277771 809.833618
v 127.169861 316.374542 807.143433
v 127.193275 450.113068 451.119446
v 127.325836 416.061554 566.064697
v 127.382721 416.522217 565.907227
v 127.399147 316.328857 916.998108
v 127.447884 383.385803 980.195435
v 127.447884 383.385803 988.195435
v 127.468353 416.849152 565.552307
v 127.490669 325.805145 697.712097
v 127.562157 416.963867 565.085083
v 127.574615 457.438934 786.245789
v 127.577492 293.339844 448.870575
v 127.586777 385.705261 980.195435
v 127.586777 385.705261 988.195435
v 127.587349 293.959015 448.481964
v 127.596222 292.818848 449.644775
v 127.663330 453.782776 797.637634
v 127.686859 316.307648 914.622437
v 127.803177 384.528412 980.195435
v 127.803177 384.528412 988.195435
v 127.805824 454.313629 797.341125
v 127.964912 325.776733 505.792755
v 127.964912 325.776733 755.792786
v 127.983276 454.718445 796.899963
v 128.059647 283.194946 501.968170
v 128.059647 283.194946 751.968140
v 128.204025 329.769592 506.998138
v 128.245590 316.267151 919.235779
v 128.252869 325.759491 508.168457
v 128.252869 325.759491 758.168457
v 128.275101 418.174866 439.915070
v 128.318787 294.350586 448.326141
v 128.323578 331.766022 756.998108
v 128.326080 331.765869 805.301208
v 128.491959 329.752350 504.622406
v 128.611511 331.748779 754.622437
v 128.812027 325.726013 503.555115
v 128.812027 325.726013 753.555115
v 128.920273 450.092804 431.104309
v 129.042969 316.210907 912.652893
v 129.051132 329.718872 509.235779
v 129.065903 450.050598 431.398926
v 129.115616 301.202240 371.395447
v 129.115616 301.202240 374.395447
v 129.115616 444.587952 371.395447
v 129.115616 444.587952 374.395447
v 129.170685 331.715302 759.235779
v 129.184662 283.127563 511.250153
v 129.184662 283.127563 761.250122
v 129.205231 449.903656 431.661163
v 129.235809 450.120087 365.358093
v 129.274857 295.666840 365.352814
v 129.322952 449.668152 431.862305
v 129.390518 426.714905 953.946838
v 129.406174 449.369904 431.980225
v 129.489197 351.231140 916.998108
v 129.558029 453.216278 798.315308
v 129.609894 325.678223 510.138000
v 129.609894 325.678223 760.138000
v 129.713425 287.829834 798.314392
v 129.715057 288.075806 798.856689
v 129.728378 288.492859 799.321350
v 129.752258 289.032501 799.634766
v 129.777145 351.213898 914.622437
v 129.798599 325.666931 696.880737
v 129.848999 329.671082 502.652893
v 129.914017 416.823029 444.975403
v 129.968552 331.667511 752.652893
v 130.032715 316.143616 920.822693
v 130.072220 430.236298 806.469604
v 130.324249 320.851532 954.632751
v 130.334778 321.490936 954.994629
v 130.336304 351.180420 919.235779
v 130.342972 320.305420 953.874634
v 130.379105 283.056030 501.395447
v 130.379105 283.056030 751.395447
v 130.379105 283.056030 777.395447
v 130.436249 459.367889 776.015442
v 130.504425 285.148865 787.986694
v 130.505722 416.787598 697.341736
v 130.567352 369.235352 755.792786
v 130.567352 369.235352 756.998108
v 130.600128 325.618927 501.968170
v 130.600128 325.618927 751.968140
v 130.617752 430.999481 941.086426
v 130.648331 371.197571 571.395447
v 130.721832 369.994446 571.395447
v 130.721832 369.994446 697.620239
v 130.757141 289.368958 799.753967
v 130.760086 373.001831 568.693237
v 130.767227 372.607269 506.981140
v 130.767883 373.194000 374.395447
v 130.767883 373.194000 506.395447
v 130.827667 374.192200 751.395447
v 130.827667 374.192200 761.395447
v 130.827667 374.192200 857.607666
v 130.837250 373.776581 506.981140
v 130.839233 329.611786 510.822723
v 130.863770 416.766174 803.804504
v 130.864883 372.383301 571.395447
v 130.864883 372.383301 697.620239
v 130.872543 369.506042 754.622437
v 130.872543 369.506042 758.168457
v 130.900070 374.791626 709.155823
v 130.900070 374.791626 751.431885
v 130.901169 372.989075 761.250122
v 130.904236 371.698517 206.395447
v 130.904236 371.698517 374.395447
v 130.904236 374.091675 206.395447
v 130.904236 374.091675 374.395447
v 130.958786 331.608215 760.822693
v 130.981644 371.419495 504.636902
v 131.005371 371.344788 568.716797
v 131.044220 375.377960 761.250122
v 131.046021 372.402924 709.129211
v 131.046021 372.402924 751.720337
v 131.077164 374.650391 568.708374
v 131.086060 368.832977 697.505005
v 131.134186 351.132629 912.652893
v 131.157394 316.070587 911.540710
v 131.160751 379.144684 755.792786
v 131.160751 379.144684 756.998108
v 131.166946 449.793793 450.304016
v 131.189743 370.864746 508.695313
v 131.191879 374.930298 504.636902
v 131.200684 370.840302 374.395447
v 131.200684 370.840302 504.071838
v 131.200714 370.840240 568.731323
v 131.260452 371.838501 760.822693
v 131.260452 371.838501 857.561768
v 131.274445 371.807739 751.983948
v 131.365616 373.493835 697.504883
v 131.431458 378.839508 754.622437
v 131.431458 378.839508 758.168457
v 131.464691 375.456238 508.695313
v 131.478470 375.479218 374.395447
v 131.478470 375.479218 504.071838
v 131.478516 375.479279 568.731323
v 131.481598 370.305847 509.235779
v 131.487991 370.051941 753.524170
v 131.487991 370.051941 759.266724
v 131.538254 376.477417 751.968140
v 131.538254 376.477417 760.822693
v 131.538254 376.477417 857.561768
v 131.573547 282.984528 511.250153
v 131.573547 282.984528 761.250122
v 131.624359 316.041351 929.526062
v 131.705338 367.812714 571.395447
v 131.721771 367.791870 697.226685
v 131.725143 325.551575 511.250153
v 131.725143 325.551575 761.250122
v 131.776749 431.875916 934.066528
v 131.784073 369.861908 568.768677
v 131.786362 448.170563 448.890137
v 131.821167 375.976318 509.235779
v 131.880936 376.974548 709.082092
v 131.893082 376.989990 752.291687
v 131.922943 376.102142 568.755676
v 131.964249 329.544403 501.540741
v 131.977356 378.224060 753.524170
v 131.977356 378.224060 759.266724
v 132.016388 369.579498 206.395447
v 132.016388 369.579498 374.395447
v 132.016388 376.210724 206.395447
v 132.016388 376.210724 374.395447
v 132.078171 370.575439 759.930969
v 132.083801 331.540833 751.540710
v 132.101730 374.432068 571.395447
v 132.101730 374.432068 697.235291
v 132.124405 351.073334 920.822693
v 132.181747 370.465546 752.756409
v 132.198853 369.384308 502.678101
v 132.238892 397.148895 916.998108
v 132.285172 367.190704 696.880737
v 132.285324 370.355652 709.025330
v 132.346741 315.997559 806.989319
v 132.351715 315.997040 911.395447
v 132.351715 315.997040 921.395447
v 132.359940 315.996552 929.515320
v 132.427307 317.259399 941.508301
v 132.498062 318.440918 947.475464
v 132.500854 377.633881 752.859924
v 132.500854 377.633881 759.930969
v 132.526840 397.131653 914.622437
v 132.643265 376.805664 502.678101
v 132.645706 368.982574 510.487061
v 132.677704 368.957336 568.813171
v 132.677719 368.957336 374.395447
v 132.677719 368.957336 502.280518
v 132.698563 282.917145 501.968170
v 132.698563 282.917145 751.968140
v 132.699356 321.802307 955.164795
v 132.722046 369.967682 760.499146
v 132.737503 369.955536 857.463867
v 132.751633 374.980469 696.880737
v 132.874939 295.448792 364.835876
v 132.919586 325.480042 501.395447
v 132.919586 325.480042 751.395447
v 132.930283 416.642426 697.712097
v 133.011810 368.717377 568.826294
v 133.085999 397.098175 919.235779
v 133.134872 377.151184 510.487061
v 133.158691 329.472900 511.395447
v 133.158691 329.472900 566.082275
v 133.165863 329.592804 566.557434
v 133.169678 377.172455 374.395447
v 133.169678 377.172455 502.280518
v 133.174835 368.614624 510.822723
v 133.185684 329.923676 566.918518
v 133.199234 377.190216 568.814270
v 133.212662 378.160461 760.499146
v 133.213379 330.386078 567.078674
v 133.229446 378.170654 857.463867
v 133.234619 369.612854 751.968140
v 133.234619 369.612854 760.822693
v 133.249435 351.005981 911.540710
v 133.278244 331.469299 710.704956
v 133.278244 331.469299 761.395447
v 133.404526 416.614014 505.792755
v 133.404526 416.614014 506.998138
v 133.404526 416.614014 755.792786
v 133.404526 416.614014 756.998108
v 133.407043 416.613861 805.301208
v 133.407181 428.119141 953.166443
v 133.546280 315.927551 911.540710
v 133.590073 366.337952 571.395447
v 133.590073 366.337952 695.967773
v 133.591492 455.181793 467.567139
v 133.639053 337.494568 567.636169
v 133.688782 282.857849 510.138000
v 133.688782 282.857849 760.138000
v 133.692474 416.596771 504.622406
v 133.692474 416.596771 508.168457
v 133.692474 416.596771 754.622437
v 133.692474 416.596771 758.168457
v 133.704132 377.453369 510.822723
v 133.755249 452.886383 799.211487
v 133.763901 378.451569 708.971924
v 133.763901 378.451569 751.968140
v 133.763901 378.451569 760.822693
v 133.883881 397.050385 912.652893
v 133.930908 317.908630 804.864685
v 133.985916 368.220032 206.395447
v 133.985916 368.220032 374.395447
v 133.985916 377.570190 206.395447
v 133.985916 377.570190 374.395447
v 134.114029 325.408508 511.250153
v 134.114029 325.408508 761.250122
v 134.149002 375.671387 571.395447
v 134.149002 375.671387 695.967773
v 134.251633 416.563293 503.555115
v 134.251633 416.563293 509.235779
v 134.251633 416.563293 753.555115
v 134.251633 416.563293 759.235779
v 134.274307 368.120605 501.540741
v 134.328949 432.051178 916.998108
v 134.334091 369.118805 708.934082
v 134.334091 369.118805 751.540710
v 134.353119 329.401367 501.540741
v 134.443878 350.934448 857.395447
v 134.443878 350.934448 921.395447
v 134.443878 350.934448 957.366150
v 134.472672 331.397797 751.540710
v 134.486282 351.642609 568.441956
v 134.486664 282.810059 503.555115
v 134.486664 282.810059 753.555115
v 134.617142 432.037903 914.622437
v 134.671631 315.865845 920.822693
v 134.762817 377.794861 568.858643
v 134.831238 453.201172 799.258911
v 134.854706 377.812653 501.540741
v 134.860504 367.976471 568.867859
v 134.860535 432.026489 929.878235
v 134.860641 367.976471 374.395447
v 134.860641 367.976471 501.431885
v 134.860641 367.976471 511.358978
v 134.874100 396.991089 920.822693
v 134.912415 453.737061 798.948669
v 134.914474 378.810883 751.540710
v 134.920410 368.974670 761.359009
v 134.920410 368.974670 857.398499
v 135.005020 454.148926 798.488464
v 135.045822 282.776581 508.168457
v 135.045822 282.776581 758.168457
v 135.049515 416.515503 502.652893
v 135.049515 416.515503 510.138000
v 135.049515 416.515503 752.652893
v 135.049515 416.515503 760.138000
v 135.095642 454.389038 797.951111
v 135.156616 430.013733 805.135498
v 135.176712 432.011414 919.235779
v 135.186920 448.257111 448.566772
v 135.211121 430.715668 805.263184
v 135.238205 416.504211 696.880737
v 135.239044 325.341156 501.968170
v 135.239044 325.341156 751.968140
v 135.247101 448.782715 448.835358
v 135.252106 282.764221 485.690735
v 135.312943 449.205292 449.246552
v 135.333771 282.759338 505.792755
v 135.333771 282.759338 755.792786
v 135.334991 431.487244 805.812073
v 135.378662 449.487701 449.764160
v 135.454010 377.885803 568.867859
v 135.454041 377.885803 374.395447
v 135.454041 377.885803 501.431885
v 135.454041 377.885803 511.358978
v 135.460068 367.904053 511.395447
v 135.460068 367.904053 568.870422
v 135.478149 329.333984 510.822723
v 135.490189 426.656219 954.906982
v 135.513809 378.884003 761.359009
v 135.513809 378.884003 857.398499
v 135.519836 368.902252 708.920471
v 135.519836 368.902252 751.395447
v 135.519836 368.902252 761.395447
v 135.525253 431.965942 806.877319
v 135.569473 427.291260 954.546021
v 135.597702 331.330414 760.822693
v 135.638306 350.862915 911.540710
v 135.662338 315.814514 912.652893
v 135.678162 427.829315 953.789673
v 135.701767 295.395111 364.404266
v 135.701767 450.395081 364.404266
v 135.758942 293.395111 221.395447
v 135.758942 294.160461 221.547684
v 135.758942 294.809326 221.981232
v 135.758942 295.242859 222.630081
v 135.758942 295.395111 223.395447
v 135.758942 295.395111 364.395447
v 135.758942 450.395111 223.395447
v 135.758942 450.395111 364.395447
v 135.758942 450.547333 222.630081
v 135.758942 450.980896 221.981232
v 135.758942 451.629730 221.547684
v 135.758942 452.395111 221.395447
v 135.868896 329.310608 566.019897
v 135.897842 329.429199 566.494629
v 135.900131 292.309662 449.764160
v 135.934189 329.759094 566.855286
v 135.944290 365.907990 571.395447
v 135.944290 365.907990 694.365356
v 135.945007 459.038025 505.792755
v 135.945007 459.038025 755.792786
v 135.969223 330.221069 567.015259
v 135.975098 431.972107 912.652893
v 135.999130 396.923706 911.540710
v 136.004517 292.823090 448.991730
v 136.026672 459.033142 485.690735
v 136.039734 416.456207 501.968170
v 136.039734 416.456207 510.822723
v 136.039734 416.456207 751.968140
v 136.039734 416.456207 760.822693
v 136.057816 377.886169 511.395447
v 136.057831 377.886169 568.870422
v 136.081497 293.438171 448.604095
v 136.112183 315.820679 806.877319
v 136.117599 378.884369 708.920471
v 136.117599 378.884369 751.395447
v 136.117599 378.884369 761.395447
v 136.229263 325.281860 510.138000
v 136.229263 325.281860 760.138000
v 136.232956 459.020782 508.168457
v 136.232956 459.020782 758.168457
v 136.302444 316.299377 805.812073
v 136.361633 367.931549 206.395447
v 136.361633 367.931549 374.395447
v 136.361633 377.858643 206.395447
v 136.361633 377.858643 374.395447
v 136.426315 317.070984 805.263184
v 136.460724 315.775208 919.235779
v 136.468369 329.274689 502.652893
v 136.480820 317.772919 805.135498
v 136.537704 375.817322 571.395447
v 136.537704 375.817322 694.365356
v 136.587921 331.271118 752.652893
v 136.647873 295.400208 422.948364
v 136.649216 416.419708 436.402985
v 136.663193 367.977539 501.540741
v 136.722961 368.975769 708.934082
v 136.722961 368.975769 751.540710
v 136.763336 350.795563 920.822693
v 136.780624 295.449036 423.221497
v 136.792114 458.987305 503.555115
v 136.792114 458.987305 753.555115
v 136.795258 287.363403 797.862976
v 136.894287 287.602905 798.399109
v 136.899734 295.587830 423.468781
v 136.965805 431.920807 920.822693
v 136.993942 295.803497 423.666840
v 136.994400 288.014191 798.858276
v 137.020294 315.748749 914.622437
v 137.027145 325.234070 503.555115
v 137.027145 325.234070 753.555115
v 137.054306 296.075592 423.796936
v 137.080994 288.549683 799.167725
v 137.164764 416.388855 501.540741
v 137.164764 416.388855 511.250153
v 137.164764 416.388855 751.540710
v 137.164764 416.388855 761.250122
v 137.193573 396.852173 857.395447
v 137.193573 396.852173 921.395447
v 137.193573 396.852173 957.366150
v 137.243576 377.669617 501.540741
v 137.249344 368.122406 374.395447
v 137.249344 368.122406 501.720367
v 137.249344 368.122406 511.070526
v 137.249466 368.122437 568.848206
v 137.266251 329.226929 509.235779
v 137.303360 378.667816 751.540710
v 137.308487 315.735474 916.998108
v 137.309113 369.120605 761.070496
v 137.309113 369.120605 857.422119
v 137.317688 288.928467 799.244568
v 137.344910 315.733795 916.395447
v 137.385803 331.223328 759.235779
v 137.406769 377.615784 568.857300
v 137.586304 325.200592 508.168457
v 137.586304 325.200592 758.168457
v 137.589996 458.939514 510.138000
v 137.589996 458.939514 760.138000
v 137.687286 286.615570 467.567139
v 137.706528 429.878021 804.864685
v 137.753555 350.736237 912.652893
v 137.808258 377.455841 374.395447
v 137.808258 377.455841 501.720367
v 137.808258 377.455841 511.070526
v 137.808319 377.455811 568.848206
v 137.813766 368.336853 510.822723
v 137.825409 329.193420 504.622406
v 137.868027 378.454041 761.070496
v 137.868027 378.454041 857.422119
v 137.873535 369.335052 751.968140
v 137.874252 325.183350 505.792755
v 137.874252 325.183350 755.792786
v 137.882980 408.364929 567.631226
v 137.904282 369.349030 760.806946
v 137.915283 368.383972 568.828918
v 137.944962 331.189850 754.622437
v 137.981323 310.018311 428.180939
v 138.091171 431.859100 911.540710
v 138.113358 329.176178 506.998138
v 138.185638 452.578766 799.688965
v 138.228668 366.621338 571.395447
v 138.228668 366.621338 692.856018
v 138.230408 331.172760 805.301208
v 138.232910 331.172607 756.998108
v 138.271820 319.696808 953.302246
v 138.304520 415.404114 567.078674
v 138.332199 415.866516 566.918518
v 138.352020 416.197418 566.557434
v 138.359192 416.317322 501.395447
v 138.359192 416.317322 511.395447
v 138.359192 416.317322 566.082275
v 138.359192 416.317322 710.704956
v 138.359192 416.317322 751.395447
v 138.359192 416.317322 761.395447
v 138.378510 377.153961 510.803284
v 138.388000 396.780670 911.540710
v 138.402832 378.173798 708.971924
v 138.402832 378.173798 751.968140
v 138.431686 378.156219 760.806946
v 138.551437 350.688477 919.235779
v 138.580215 458.880219 501.968170
v 138.580215 458.880219 751.968140
v 138.599274 368.780182 206.395447
v 138.599274 368.780182 374.395447
v 138.599274 377.010010 206.395447
v 138.599274 377.010010 374.395447
v 138.720612 374.836456 571.395447
v 138.720612 374.836456 692.856018
v 138.873230 368.983429 502.676910
v 138.877518 376.803345 568.811768
v 138.904694 369.959259 709.025330
v 138.971512 426.432587 955.013733
v 139.052826 315.660187 930.264404
v 139.110596 350.654999 914.622437
v 139.136597 370.152771 752.859924
v 139.136597 370.152771 759.930969
v 139.207611 430.485077 941.759277
v 139.264038 431.427551 934.653015
v 139.280396 431.789886 806.988953
v 139.284958 369.350067 568.771912
v 139.285721 431.789612 921.395447
v 139.285721 431.789612 929.515320
v 139.292343 376.432770 502.652893
v 139.296616 369.361694 374.395447
v 139.296616 369.361694 503.079834
v 139.321228 369.386536 509.684814
v 139.321442 319.691010 953.319153
v 139.356384 370.359924 857.514282
v 139.398544 350.637756 916.998108
v 139.492386 293.626801 448.890137
v 139.506348 320.222046 954.065552
v 139.513031 396.713287 920.822693
v 139.553635 416.245789 501.540741
v 139.553635 416.245789 511.250153
v 139.553635 416.245789 751.540710
v 139.553635 416.245789 761.250122
v 139.559265 377.211182 752.859924
v 139.626816 320.853394 954.421692
v 139.656021 377.095245 760.034485
v 139.660080 369.562592 753.524170
v 139.660080 369.562592 759.266724
v 139.692993 375.981079 374.395447
v 139.692993 375.981079 509.711060
v 139.692993 375.981079 568.771301
v 139.696716 369.813873 509.235779
v 139.705246 458.812836 511.250153
v 139.705246 458.812836 761.250122
v 139.713547 375.954712 503.104919
v 139.752777 376.979279 857.514282
v 139.919861 368.314575 571.395447
v 139.919861 368.314575 691.785583
v 139.994614 375.552002 568.753235
v 140.054474 375.454071 509.206604
v 140.081635 371.280334 751.983948
v 140.085861 376.499390 752.291687
v 140.096069 376.482574 709.082092
v 140.099182 371.309204 760.822693
v 140.111832 292.003571 450.304016
v 140.124695 426.358490 955.049133
v 140.149170 426.997223 954.686707
v 140.149445 377.734680 753.524170
v 140.149445 377.734680 759.266724
v 140.156281 427.542053 953.927490
v 140.186218 370.571503 206.395447
v 140.186218 370.571503 374.395447
v 140.186218 375.218719 206.395447
v 140.186218 375.218719 374.395447
v 140.197647 372.953491 571.395447
v 140.197647 372.953491 691.785583
v 140.205978 368.947144 754.622437
v 140.205978 368.947144 758.168457
v 140.259979 370.717804 568.719116
v 140.328934 370.866516 504.643646
v 140.376984 375.948120 751.968140
v 140.376984 375.948120 760.822693
v 140.379456 371.843994 709.129211
v 140.379456 371.843994 751.720337
v 140.413895 369.414032 691.497314
v 140.415009 325.031189 803.804504
v 140.421127 295.535461 421.131165
v 140.476685 368.641937 755.792786
v 140.476685 368.641937 756.998108
v 140.480042 431.716034 911.540710
v 140.503250 396.653992 912.652893
v 140.521637 452.428406 799.753967
v 140.531647 374.385498 504.622406
v 140.533432 371.410400 568.703613
v 140.533447 371.410461 374.395447
v 140.533447 371.410461 505.198853
v 140.542252 371.439117 507.562897
v 140.548950 295.588959 421.399872
v 140.556946 371.802917 691.497314
v 140.593216 372.408691 761.250122
v 140.593216 372.408691 857.595520
v 140.617142 454.023254 798.325378
v 140.630447 370.599792 571.395447
v 140.630447 370.599792 691.399292
v 140.634308 374.004547 568.707275
v 140.659607 295.728821 421.644043
v 140.676498 373.799347 374.395447
v 140.677811 373.792145 505.205994
v 140.678665 416.178436 501.968170
v 140.678665 416.178436 510.822723
v 140.678665 416.178436 751.968140
v 140.678665 416.178436 760.822693
v 140.680634 372.013641 506.981140
v 140.680969 373.774719 507.567688
v 140.727036 372.331146 568.693970
v 140.736267 374.797546 761.250122
v 140.736267 374.797546 857.595520
v 140.742950 295.942230 421.841309
v 140.749634 373.200012 506.998138
v 140.750000 372.596222 506.395447
v 140.758942 372.895111 206.395447
v 140.758942 372.895111 374.395447
v 140.764893 378.280579 754.622437
v 140.764893 378.280579 758.168457
v 140.774353 456.648499 787.986694
v 140.791367 296.209747 421.973663
v 140.809418 374.198212 709.155823
v 140.809418 374.198212 751.431885
v 140.809784 373.594421 751.395447
v 140.809784 373.594421 761.395447
v 140.809784 373.594421 857.607666
v 140.842529 282.429474 776.015442
v 140.899673 458.741333 501.395447
v 140.899673 458.741333 511.395447
v 140.899673 458.741333 751.395447
v 140.899673 458.741333 761.395447
v 140.899673 458.741333 777.395447
v 140.978226 316.747345 940.838501
v 141.060364 415.239105 567.015259
v 141.069397 416.155029 566.019897
v 141.070084 378.551270 755.792786
v 141.070084 378.551270 756.998108
v 141.080719 415.701935 566.855286
v 141.083984 416.033813 566.494629
v 141.301132 396.606201 919.235779
v 141.364777 324.974335 444.975403
v 141.449020 450.185944 425.100006
v 141.565216 317.550323 806.469604
v 141.580994 450.126862 425.378510
v 141.604721 431.643005 920.822693
v 141.668884 416.119110 502.652893
v 141.668884 416.119110 510.138000
v 141.668884 416.119110 752.652893
v 141.668884 416.119110 760.138000
v 141.692719 449.975403 425.629578
v 141.773239 449.746460 425.828522
v 141.814590 449.462585 425.955719
v 141.860291 396.572723 914.622437
v 141.974808 317.873413 946.733154
v 142.094116 458.669800 511.250153
v 142.094116 458.669800 761.250122
v 142.148239 396.555481 916.998108
v 142.166916 452.728363 799.615112
v 142.184189 453.932251 798.295410
v 142.185333 453.268341 799.301880
v 142.191055 453.685822 798.837463
v 142.246918 321.071747 953.946838
v 142.466766 416.071350 503.555115
v 142.466766 416.071350 509.235779
v 142.466766 416.071350 753.555115
v 142.466766 416.071350 759.235779
v 142.594467 431.575745 912.652893
v 142.959976 447.446777 448.326141
v 143.025925 416.037872 504.622406
v 143.025925 416.037872 508.168457
v 143.025925 416.037872 754.622437
v 143.025925 416.037872 758.168457
v 143.219131 458.602417 501.968170
v 143.219131 458.602417 751.968140
v 143.311356 416.020782 805.301208
v 143.313873 416.020630 505.792755
v 143.313873 416.020630 506.998138
v 143.313873 416.020630 755.792786
v 143.313873 416.020630 756.998108
v 143.391846 431.519470 919.235779
v 143.682571 448.978516 449.644775
v 143.688187 447.735809 448.444580
v 143.696655 286.793488 796.191345
v 143.698441 448.691101 449.125977
v 143.700378 448.264343 448.713837
v 143.704163 284.358429 786.245789
v 143.714706 361.261810 988.195435
v 143.751465 360.660248 980.195435
v 143.751465 360.660248 988.195435
v 143.822983 361.854675 980.195435
v 143.822983 361.854675 988.195435
v 143.890549 287.024963 796.704590
v 143.950577 431.478973 914.622437
v 144.075195 287.429138 797.143433
v 144.082321 431.469299 929.935852
v 144.085510 291.684296 451.119446
v 144.209366 458.543121 510.138000
v 144.209366 458.543121 760.138000
v 144.222885 287.959473 797.438293
v 144.238297 431.457764 916.998108
v 144.243210 359.569397 980.195435
v 144.243210 359.569397 988.195435
v 144.311234 292.188324 450.367004
v 144.441406 362.879059 980.195435
v 144.441406 362.879059 988.195435
v 144.454361 292.798279 449.990204
v 144.467575 431.412109 807.143433
v 144.514526 315.502014 809.861328
v 144.538864 396.412323 956.699951
v 144.624054 295.903809 419.108887
v 144.630356 295.904541 374.395447
v 144.660431 430.908875 806.090088
v 144.714920 282.197571 488.027283
v 144.720688 430.125488 805.547302
v 145.007233 458.495361 503.555115
v 145.007233 458.495361 753.555115
v 145.046158 383.495850 988.195435
v 145.064850 315.959534 808.927917
v 145.068024 328.759735 429.669830
v 145.082901 382.894287 980.195435
v 145.082901 382.894287 988.195435
v 145.133194 449.826080 423.315796
v 145.154434 384.088715 980.195435
v 145.154434 384.088715 988.195435
v 145.185577 358.832001 980.195435
v 145.185577 358.832001 988.195435
v 145.240799 429.384247 805.546387
v 145.260239 449.762604 423.589813
v 145.363647 449.610626 423.837738
v 145.375977 316.738403 808.423035
v 145.387161 425.669922 954.615784
v 145.433594 449.384613 424.035950
v 145.460388 317.422943 808.306885
v 145.463394 449.106110 424.165558
v 145.465042 363.498718 980.195435
v 145.465042 363.498718 988.195435
v 145.566406 458.461853 508.168457
v 145.566406 458.461853 758.168457
v 145.574646 381.803406 980.195435
v 145.574646 381.803406 988.195435
v 145.772690 458.449524 485.690735
v 145.772842 385.113098 980.195435
v 145.772842 385.113098 988.195435
v 145.854340 458.444611 505.792755
v 145.854340 458.444611 755.792786
v 145.854630 415.868469 803.804504
v 146.077148 417.172607 431.617432
v 146.210236 361.112366 980.195435
v 146.210236 361.112366 988.195435
v 146.226181 320.196472 952.549683
v 146.254990 330.692230 808.306885
v 146.255142 286.550629 795.233276
v 146.362686 358.617004 980.195435
v 146.362686 358.617004 988.195435
v 146.517029 381.066040 980.195435
v 146.517029 381.066040 988.195435
v 146.605881 328.667633 564.528748
v 146.607864 288.144012 796.686035
v 146.659393 363.571686 980.195435
v 146.659393 363.571686 988.195435
v 146.721024 328.781067 564.991455
v 146.751343 430.979187 934.066528
v 146.796478 385.732758 980.195435
v 146.796478 385.732758 988.195435
v 146.804382 415.811584 444.975403
v 146.822861 329.107056 565.343018
v 146.847214 427.255676 953.099365
v 146.886932 329.567261 565.498962
v 146.992004 426.706024 953.841187
v 147.049576 426.064636 954.195007
v 147.372131 330.625336 712.941223
v 147.504868 358.973694 980.195435
v 147.504868 358.973694 988.195435
v 147.523056 315.418396 811.824219
v 147.541687 383.346405 980.195435
v 147.541687 383.346405 988.195435
v 147.644424 350.143951 955.173279
v 147.694138 380.851044 980.195435
v 147.694138 380.851044 988.195435
v 147.730850 454.335083 467.567139
v 147.750854 363.081268 980.195435
v 147.750854 363.081268 988.195435
v 147.797470 429.970703 941.086426
v 147.990829 385.805725 980.195435
v 147.990829 385.805725 988.195435
v 148.350479 359.820313 980.195435
v 148.350479 359.820313 988.195435
v 148.489365 362.139771 980.195435
v 148.489365 362.139771 988.195435
v 148.705765 360.962921 980.195435
v 148.705765 360.962921 988.195435
v 148.836319 381.207733 980.195435
v 148.836319 381.207733 988.195435
v 148.863205 427.243652 952.472595
v 149.082291 385.315277 980.195435
v 149.082291 385.315277 988.195435
v 149.193558 336.563110 565.603394
v 149.216675 296.572510 223.395447
v 149.216675 296.572510 371.395447
v 149.216675 449.217712 223.395447
v 149.216675 449.217712 371.395447
v 149.222946 316.253632 938.877075
v 149.232285 453.593231 797.409973
v 149.299835 451.992981 798.838684
v 149.336090 453.342224 797.939880
v 149.416733 452.920685 798.393494
v 149.460739 452.377747 798.698975
v 149.493744 448.696289 450.303802
v 149.681915 382.054352 980.195435
v 149.681915 382.054352 988.195435
v 149.820816 384.373810 980.195435
v 149.820816 384.373810 988.195435
v 149.979507 292.747314 451.500092
v 150.037216 383.196960 980.195435
v 150.037216 383.196960 988.195435
v 150.128571 415.612518 429.743530
v 150.196884 286.138824 793.351013
v 150.248260 350.698730 566.381897
v 150.298294 320.195923 950.841858
v 150.349274 287.765961 794.964233
v 150.470779 373.015900 711.220276
v 150.480011 286.360992 793.825439
v 150.592896 281.845581 771.969482
v 150.744186 286.756866 794.229797
v 150.949387 287.281281 794.499817
v 151.112213 317.326233 944.559387
v 151.299377 315.376740 932.349426
v 151.335953 415.540222 808.306885
v 151.363098 458.114746 776.015442
v 151.415771 285.793457 470.956970
v 151.435928 430.820862 809.833557
v 151.637253 371.944275 566.820190
v 151.806396 415.512054 564.528748
v 151.907166 415.385681 564.991455
v 151.910904 318.234070 948.266418
v 151.925262 448.596741 450.765472
v 151.926468 430.284821 808.899780
v 151.969376 415.049896 565.343018
v 151.978073 414.585297 565.498962
v 151.995804 290.954620 453.690460
v 152.022125 448.305634 450.257660
v 152.023270 395.964142 954.577759
v 152.091125 318.806244 949.210388
v 152.091309 447.875824 449.854584
v 152.126755 447.345123 449.591705
v 152.129761 429.485382 808.418518
v 152.130554 428.809509 808.306885
v 152.338669 291.447571 452.975891
v 152.363419 319.415863 949.517151
v 152.453079 415.473328 712.941223
v 152.545670 292.051483 452.619629
v 152.795258 297.290771 415.183319
v 152.852905 315.409149 814.433777
v 152.904388 297.357117 415.438507
v 152.986710 297.497467 415.672913
v 153.035568 297.700439 415.867462
v 153.046936 297.949463 416.006287
v 153.278595 427.147949 951.057861
v 153.292053 315.848114 813.673218
v 153.344589 281.680786 492.564606
v 153.569565 426.600067 951.756775
v 153.589096 316.627228 813.160278
v 153.612396 349.786560 860.607910
v 153.661316 317.311920 813.037048
v 153.714874 414.481293 565.064880
v 153.750595 448.277802 419.107971
v 153.754868 448.276764 374.395447
v 153.974091 455.858063 786.245789
v 153.993896 430.570862 932.058350
v 154.020660 425.719116 952.008423
v 154.155624 292.337006 453.162109
v 154.262329 446.932709 450.010040
v 154.265045 315.391754 830.206604
v 154.305908 297.647125 223.395447
v 154.305908 448.143097 223.395447
v 154.342346 297.499298 222.630081
v 154.342346 448.290924 222.630081
v 154.446091 297.078339 221.981232
v 154.446091 448.711853 221.981232
v 154.601379 296.448364 221.547684
v 154.601379 449.341858 221.547684
v 154.672073 315.429474 855.395813
v 154.672165 324.177429 799.163757
v 154.784531 295.705231 221.395447
v 154.784531 450.084991 221.395447
v 154.863342 315.374817 857.541626
v 155.069839 315.630463 830.245422
v 155.110764 309.216492 418.831451
v 155.224655 328.151520 561.799194
v 155.235489 457.882843 488.027283
v 155.237793 287.207001 791.982849
v 155.264130 315.437744 827.606873
v 155.321701 315.963745 855.370605
v 155.387115 317.750275 945.905334
v 155.408981 328.260803 562.239990
v 155.411850 316.313263 830.245422
v 155.462677 303.643646 371.395447
v 155.462677 303.643646 374.395447
v 155.462677 442.146545 371.395447
v 155.462677 442.146545 374.395447
v 155.563385 328.583649 562.574951
v 155.567902 315.580383 857.801147
v 155.650787 329.042450 562.723511
v 155.798828 316.149384 828.017639
v 155.913788 316.151154 857.642456
v 155.936218 318.221619 946.496704
v 156.004364 283.621857 781.141785
v 156.056610 453.381165 795.310303
v 156.079742 429.474731 939.116089
v 156.237106 330.094452 830.245422
v 156.237106 330.094452 855.145447
v 156.254196 453.127472 795.811462
v 156.255798 318.821411 946.776001
v 156.362091 395.704315 860.607910
v 156.418427 452.703522 796.239624
v 156.454330 315.385681 825.324524
v 156.522842 452.158844 796.526733
v 156.573212 330.074341 828.263794
v 156.573212 330.074341 857.127136
v 156.656357 315.431152 859.928894
v 156.844391 453.364746 794.981262
v 156.954880 315.652679 825.748779
v 157.127808 315.924377 859.519165
v 157.128464 316.172546 826.000366
v 157.255997 315.772583 935.576233
v 157.299500 290.387238 456.204498
v 157.351135 447.326477 417.334991
v 157.362473 319.191528 946.059570
v 157.459213 447.250885 417.594940
v 157.534439 447.100098 417.832794
v 157.564087 446.629578 418.165009
v 157.570419 446.886993 418.028351
v 157.580917 315.431335 824.691772
v 157.626129 324.000549 449.550049
v 158.185593 329.977783 825.816711
v 158.185593 329.977783 859.574158
v 158.678757 327.944672 422.032135
v 158.725204 315.481323 861.253784
v 158.743576 395.561707 951.216858
v 158.808868 316.211609 860.585327
v 158.825012 315.469513 823.996521
v 158.868820 451.705536 795.607239
v 158.965714 281.344177 765.533264
v 159.068436 315.968445 824.598816
v 159.328873 427.130096 948.045837
v 159.424057 290.139954 457.415100
v 159.431900 349.438080 948.829346
v 159.453201 315.459930 818.235901
v 159.647064 426.670837 948.515747
v 159.858170 426.034058 948.815491
v 159.865189 284.879242 786.020447
v 159.876785 290.620483 456.755310
v 159.885757 315.898834 817.471558
v 159.914581 448.350952 453.100983
v 159.960449 316.416046 824.427185
v 159.960526 316.416046 860.963684
v 160.055130 316.831757 941.080505
v 160.086411 329.863953 719.431091
v 160.089859 448.057617 452.615997
v 160.107285 291.683594 456.241638
v 160.111771 415.014709 799.163757
v 160.143723 291.217621 456.428741
v 160.171478 316.677856 816.952087
v 160.224213 447.625916 452.231812
v 160.233932 317.362488 816.823181
v 160.280746 285.083344 786.394958
v 160.305801 447.093903 451.982239
v 160.322968 429.891296 932.567688
v 160.425156 414.995941 561.799194
v 160.595123 414.865448 562.239990
v 160.639587 281.243958 499.038971
v 160.663086 285.463135 786.710571
v 160.709900 414.526489 562.574951
v 160.741928 414.060516 562.723511
v 160.762955 329.823456 824.427307
v 160.762955 329.823456 860.963562
v 160.869522 323.806305 571.395447
v 160.890533 315.513550 861.885742
v 160.933273 316.024261 861.235474
v 160.953842 285.975922 786.916809
v 161.093216 286.413177 786.986816
v 161.113464 457.530853 771.969482
v 161.243149 315.540070 823.599426
v 161.417404 316.293884 824.216980
v 161.459335 453.512970 470.956970
v 161.507996 425.556946 947.808289
v 161.714874 315.977020 861.286987
v 162.214966 315.485657 862.092407
v 162.352295 286.218231 785.639587
v 162.628647 427.413177 945.092407
v 162.703445 453.048828 792.519714
v 162.945526 452.624237 792.908447
v 163.045914 315.507629 932.765686
v 163.046631 316.193573 937.036987
v 163.065750 414.837830 449.550049
v 163.106262 452.079071 793.167297
v 163.177689 415.988342 422.255707
v 163.307236 316.456818 824.544800
v 163.398087 446.689331 453.161835
v 163.413116 316.461670 860.800720
v 163.539429 318.065460 939.329163
v 163.688599 372.224396 717.967163
v 163.689804 329.648163 824.427307
v 163.689804 329.648163 860.963562
v 163.852112 315.790070 824.357544
v 163.865158 457.366089 492.564606
v 163.935547 285.043732 477.539612
v 163.937363 315.541504 823.790161
v 164.102493 315.745270 860.992432
v 164.149384 428.991486 935.800232
v 164.186325 316.104919 935.956299
v 164.354660 284.104950 780.529602
v 164.486435 427.423645 943.684570
v 164.704330 316.473450 936.292297
v 164.790359 301.038116 409.437866
v 164.831604 284.297821 780.829407
v 164.834427 395.196960 946.592163
v 164.878052 301.112579 409.681091
v 164.890549 327.572693 556.820984
v 164.927307 301.663147 410.242249
v 164.932266 301.248779 409.906708
v 164.949081 301.436829 410.098389
v 165.033859 426.897797 944.229736
v 165.143646 335.607971 558.792786
v 165.152481 327.677338 557.221802
v 165.162155 446.662476 453.978119
v 165.167358 414.711975 719.431091
v 165.187607 317.033020 936.414429
v 165.268799 284.667633 781.078674
v 165.312317 426.267975 944.486023
v 165.365860 327.996643 557.526367
v 165.368942 315.583191 932.633667
v 165.390411 280.959442 757.145447
v 165.476471 315.583984 860.892944
v 165.479416 328.453888 557.661438
v 165.599380 285.173187 781.237244
v 165.801468 316.233521 825.988953
v 165.834763 316.235107 859.372131
v 166.076370 315.817322 932.942139
v 166.175949 280.912415 507.074158
v 166.211670 289.258850 462.213867
v 166.230728 451.659271 791.150635
v 166.232803 315.691864 825.597229
v 166.245193 315.701721 859.751404
v 166.257645 429.088623 818.235901
v 166.267166 329.493835 825.816711
v 166.267166 329.493835 859.574158
v 166.274292 455.121490 781.141785
v 166.297089 335.538910 558.072205
v 166.309128 414.643585 571.395447
v 166.346588 289.331238 462.062988
v 166.410629 349.730865 559.480164
v 166.566788 282.989319 773.022400
v 166.634705 428.601227 817.471558
v 166.764648 289.725830 461.624542
v 166.800018 323.451172 790.336548
v 166.805740 427.106506 816.823181
v 166.825439 427.793701 816.952087
v 166.981720 316.988464 933.315430
v 167.086319 290.315643 461.336182
v 167.104950 316.305206 857.410522
v 167.125275 316.306396 828.031616
v 167.472885 448.245819 456.598297
v 167.482269 316.571564 830.245422
v 167.482269 316.571564 855.145447
v 167.579391 349.660889 558.749939
v 167.641663 315.687073 858.029663
v 167.722290 447.951691 456.147430
v 167.735382 315.670074 926.417969
v 167.745560 316.000366 830.245422
v 167.825668 283.332611 774.344177
v 167.833923 315.698212 827.783447
v 167.879562 329.397278 828.263794
v 167.879562 329.397278 857.127136
v 167.918213 447.519348 455.791504
v 167.918793 370.969269 559.867432
v 167.927338 327.390839 438.749115
v 167.977737 315.828888 855.145447
v 168.043442 446.986816 455.561859
v 168.087631 285.151672 777.463806
v 168.120514 453.360199 787.773376
v 168.215652 329.377167 830.245422
v 168.215652 329.377167 855.145447
v 168.277466 425.875824 941.522827
v 168.297012 315.736908 830.245422
v 168.332306 315.795471 926.592407
v 168.350082 283.514160 774.560120
v 168.396988 327.476898 438.749725
v 168.425552 327.360992 445.664856
v 168.483582 453.107025 788.171692
v 168.493820 315.702271 923.304565
v 168.509491 323.348816 572.917847
v 168.544495 348.892395 939.013550
v 168.773193 327.770935 438.750214
v 168.795395 452.683533 788.508484
v 168.829788 283.873840 774.734802
v 168.894012 327.449036 445.597229
v 168.922012 327.331268 429.210724
v 168.935699 316.175476 926.771851
v 168.965027 442.920868 411.551910
v 168.970200 328.205872 438.750427
v 168.996185 315.724487 919.889832
v 169.006607 452.139130 788.729980
v 169.051666 442.837921 411.799408
v 169.066589 442.264343 412.363098
v 169.094223 427.687805 938.680481
v 169.096176 370.898773 559.131836
v 169.099350 442.692871 412.028198
v 169.103592 315.829529 923.424927
v 169.104446 442.496765 412.220947
v 169.145126 290.503174 462.911926
v 169.151413 315.781738 921.238770
v 169.191360 284.372131 774.839722
v 169.267746 327.748047 445.545288
v 169.335693 316.698303 926.894043
v 169.376556 327.415558 429.305115
v 169.429153 280.717590 747.377625
v 169.460129 328.188721 445.521057
v 169.486298 457.029480 765.533264
v 169.582520 427.253326 939.005737
v 169.631927 280.705475 516.203186
v 169.690811 315.883820 919.952881
v 169.719635 316.211426 923.548706
v 169.743225 327.703339 429.378479
v 169.920334 426.633270 939.208984
v 169.940369 328.130493 429.414520
v 169.957153 453.412323 786.020813
v 169.959839 394.890045 940.913208
v 170.079636 317.356476 924.916565
v 170.081161 316.228607 921.366638
v 170.091049 414.417114 556.820984
v 170.127670 316.735535 923.632996
v 170.176514 329.259735 729.539246
v 170.181824 282.585083 767.630615
v 170.338638 414.281952 557.221802
v 170.354095 316.359802 920.013611
v 170.409836 303.572906 406.755646
v 170.427673 303.581848 374.395447
v 170.492905 316.753296 921.425232
v 170.512390 413.939484 557.526367
v 170.570557 413.471924 557.661438
v 170.693527 348.763702 869.895447
v 170.708984 317.380768 921.458069
v 170.716583 327.223816 422.921539
v 170.738525 282.755524 767.755554
v 170.801636 327.218719 455.110962
v 170.806686 280.635101 525.895447
v 170.806686 280.635101 736.895447
v 170.870819 317.387238 920.059570
v 171.060181 451.744781 786.919250
v 171.150040 327.307678 423.077545
v 171.160156 456.929230 499.038971
v 171.247330 283.105316 767.849304
v 171.250854 280.684052 558.997437
v 171.250854 280.684052 736.895447
v 171.251328 327.310211 454.950195
v 171.265411 280.740387 742.013062
v 171.269272 414.346558 417.475433
v 171.278748 328.092499 453.285004
v 171.320236 280.962860 748.265198
v 171.343353 281.888824 760.606079
v 171.456940 281.525208 756.562012
v 171.501572 327.592010 423.199341
v 171.602844 308.762085 408.440063
v 171.608810 327.616119 454.827423
v 171.630280 283.596436 767.895935
v 171.648987 284.167450 768.577026
v 171.694092 328.014496 423.260223
v 171.774994 304.272278 223.395447
v 171.774994 441.517944 223.395447
v 171.789597 328.064056 454.771698
v 171.840607 280.893860 742.006653
v 171.845734 304.137451 222.630081
v 171.845734 441.652740 222.630081
v 171.877258 281.046112 746.725220
v 171.916183 282.048676 760.635803
v 172.022903 280.935883 558.997437
v 172.022903 280.935883 736.895447
v 172.031525 281.679443 756.536926
v 172.047211 303.753571 221.981232
v 172.047211 442.036621 221.981232
v 172.047302 323.136963 458.358673
v 172.069656 315.876251 873.508606
v 172.113129 428.260468 932.635742
v 172.123062 327.139587 551.386047
v 172.198929 288.333405 467.973480
v 172.222916 441.280975 409.910675
v 172.239624 414.288452 790.336548
v 172.293259 440.639465 410.716583
v 172.303009 441.196869 410.154846
v 172.311768 280.805023 548.882874
v 172.339508 440.863922 410.573090
v 172.342834 441.054352 410.381165
v 172.348755 303.179047 221.547684
v 172.348755 442.611145 221.547684
v 172.355789 288.402252 467.843628
v 172.368134 281.229858 741.996521
v 172.404602 281.381989 746.705627
v 172.405670 349.018616 435.646545
v 172.439713 282.389038 760.644897
v 172.443085 327.240753 551.743225
v 172.556885 282.014801 756.497192
v 172.631195 281.473907 558.997437
v 172.631195 281.473907 736.895447
v 172.657043 428.178802 931.309143
v 172.680771 316.007202 873.542603
v 172.700577 327.557404 552.014587
v 172.704437 302.501343 221.395447
v 172.704437 443.288849 221.395447
v 172.766006 281.712372 741.983826
v 172.774078 427.959229 932.933960
v 172.802231 281.864227 746.681152
v 172.833694 328.013489 552.135010
v 172.833771 282.873322 760.630493
v 172.840225 288.786133 467.468536
v 172.937851 451.812378 784.880859
v 172.952530 282.495422 756.447571
v 172.975418 282.209442 558.997437
v 172.975418 282.209442 736.895447
v 172.988708 282.265381 741.970520
v 173.024673 282.416931 746.655396
v 173.127853 414.235260 438.749115
v 173.149139 283.257385 758.895996
v 173.173416 283.045929 756.395447
v 173.197418 315.938721 850.946838
v 173.204742 427.990936 931.568420
v 173.210159 289.368164 467.225891
v 173.304153 316.391998 873.578064
v 173.369949 428.066101 929.618347
v 173.429443 453.298279 782.897522
v 173.443222 394.681458 869.895447
v 173.472717 427.032593 933.276917
v 173.517624 327.056061 461.260406
v 173.583878 414.093750 438.749725
v 173.598099 426.399536 933.339722
v 173.606445 281.044128 545.968933
v 173.626053 414.205444 445.664856
v 173.697144 316.882599 873.601074
v 173.728928 427.549530 931.835022
v 173.800919 452.877563 783.171387
v 173.808411 316.071655 850.974304
v 173.883224 394.655090 934.496338
v 173.922302 413.756958 438.750214
v 173.929520 427.875153 929.848389
v 173.943222 327.150177 461.039551
v 173.949112 414.186096 572.917847
v 173.979095 452.763275 477.539612
v 174.006744 348.565308 926.776489
v 174.042511 348.943726 452.844025
v 174.044907 426.987854 932.016602
v 174.055389 452.335175 783.347717
v 174.065994 413.301605 438.750427
v 174.080673 414.062103 445.597229
v 174.113052 281.377899 546.121277
v 174.122055 426.319244 932.092041
v 174.122528 414.175690 429.210724
v 174.158875 348.901276 427.118683
v 174.178314 371.596222 728.475647
v 174.210022 316.011383 826.908936
v 174.233475 323.006042 666.855347
v 174.281479 327.460175 460.871429
v 174.410324 370.580536 435.728088
v 174.416046 413.720642 445.545288
v 174.430237 448.282471 461.176971
v 174.430893 316.458496 851.002869
v 174.444458 427.893402 926.456421
v 174.451614 327.912048 460.796173
v 174.465408 427.430664 930.084900
v 174.494095 281.858673 546.243591
v 174.508942 305.778137 223.395447
v 174.508942 305.778137 371.395447
v 174.508942 440.012085 223.395447
v 174.508942 440.012085 371.395447
v 174.518997 284.409973 486.932526
v 174.546906 316.220459 826.300476
v 174.554474 413.260162 445.521057
v 174.563766 414.037750 429.305115
v 174.706039 282.410645 546.321167
v 174.747772 447.989014 460.770721
v 174.788818 426.866974 930.245911
v 174.822525 316.950378 851.021545
v 174.857925 326.975800 414.418518
v 174.889023 316.948425 825.629089
v 174.893463 413.708313 429.378479
v 174.927246 446.653351 459.964813
v 174.943329 316.229706 827.007385
v 174.986359 322.960968 577.253296
v 174.993164 392.227600 435.646545
v 175.000336 447.557220 460.451721
v 175.008728 317.929810 825.318604
v 175.021957 427.697693 926.631592
v 175.031952 317.600494 851.520142
v 175.038223 413.260681 429.414520
v 175.101334 281.150482 540.020813
v 175.119263 291.636505 559.456909
v 175.158401 348.496338 920.266174
v 175.165710 447.025055 460.248077
v 175.246307 327.060364 414.657745
v 175.257477 414.107727 729.539246
v 175.328964 316.699646 826.277466
v 175.367752 426.128357 929.125610
v 175.503616 317.562805 825.817017
v 175.563980 327.341553 414.845490
v 175.575516 427.248474 926.811646
v 175.611420 322.923523 778.187012
v 175.632431 316.839172 827.025940
v 175.700851 427.687103 919.889893
v 175.716202 281.315826 540.003601
v 175.723785 306.494324 404.226776
v 175.742538 327.758911 414.941345
v 175.756317 307.070190 405.014526
v 175.789490 306.571625 404.459961
v 175.806305 306.869171 404.867004
v 175.817612 306.699310 404.678070
v 175.854767 289.410339 470.132690
v 175.857254 370.493896 452.691040
v 175.860626 317.648468 826.376099
v 175.904190 323.477692 825.643188
v 175.910126 426.681671 926.934326
v 175.910995 456.644745 757.145447
v 175.917099 414.068237 422.921539
v 175.981476 317.656219 827.115417
v 176.002151 414.063141 455.110962
v 176.194702 281.651764 540.226013
v 176.337448 413.933228 423.077545
v 176.371567 413.138672 453.285004
v 176.431702 323.370697 826.092957
v 176.437698 413.918640 454.950195
v 176.474091 348.417542 869.895447
v 176.550903 282.133942 540.404541
v 176.627228 392.106628 452.844025
v 176.640488 394.489990 927.210266
v 176.652527 413.608978 423.199341
v 176.654755 328.871796 742.276306
v 176.672958 427.207397 919.982910
v 176.696518 456.597687 507.074158
v 176.744476 282.686493 540.517822
v 176.747833 392.134888 427.118683
v 176.756134 413.572266 454.827423
v 176.780045 323.281525 826.725342
v 176.793259 413.166565 423.260223
v 176.836716 454.488983 773.022400
v 176.880569 323.226379 827.440430
v 176.882172 413.105957 454.771698
v 176.927078 453.861359 776.581177
v 177.017410 328.850098 826.194031
v 177.096603 426.719879 920.026611
v 177.136154 348.377899 869.782532
v 177.323578 413.984009 551.386047
v 177.363342 425.818970 920.059448
v 177.385178 427.403168 896.057251
v 177.410736 453.616394 776.827393
v 177.486923 413.974243 458.358673
v 177.549316 281.571655 536.210083
v 177.580124 348.685638 419.096466
v 177.629227 413.845367 551.743225
v 177.672501 328.810852 827.396301
v 177.797165 360.080170 869.871094
v 177.830338 453.200104 777.029053
v 177.833038 326.797638 410.209961
v 177.847092 413.500244 552.014587
v 177.908096 394.414063 920.266174
v 177.924835 413.031525 552.135010
v 177.976685 427.202606 896.097778
v 178.002808 281.910065 536.476746
v 178.057465 326.825623 410.387543
v 178.073349 288.985596 473.185364
v 178.077881 454.002350 774.274353
v 178.098328 348.320282 869.034424
v 178.119827 452.660889 777.153381
v 178.190262 326.883270 410.490662
v 178.324677 326.979370 410.593231
v 178.336594 282.393921 536.690613
v 178.384827 281.608307 533.621582
v 178.435944 437.586090 406.755157
v 178.451630 437.575745 374.395447
v 178.483871 327.163910 410.711334
v 178.513214 282.947144 536.826050
v 178.534698 327.249237 410.747803
v 178.551086 426.748505 896.139954
v 178.599014 371.331482 869.871094
v 178.651199 327.579529 410.824921
v 178.709747 452.219574 776.291138
v 178.718140 413.900513 461.260406
v 178.734253 427.169647 873.508606
v 178.846558 359.993439 869.420105
v 178.868179 281.769012 533.927490
v 178.884537 426.215820 896.167419
v 178.887009 328.738129 756.395447
v 178.926010 302.370972 547.488281
v 178.983795 326.728729 469.537567
v 179.001877 454.143402 772.107971
v 179.022659 425.532471 896.475098
v 179.081100 322.715759 661.461853
v 179.129456 413.756256 461.039551
v 179.135422 326.719666 408.651062
v 179.148636 315.437866 371.395447
v 179.148636 315.437866 374.395447
v 179.148636 430.352356 371.395447
v 179.148636 430.352356 374.395447
v 179.166763 427.093628 826.124695
v 179.188385 312.491730 560.267761
v 179.223785 394.335297 869.895447
v 179.300903 282.109558 534.218994
v 179.314056 322.701813 583.741760
v 179.325363 426.966705 873.542603
v 179.358887 326.826599 469.237640
v 179.378906 286.915070 478.092407
v 179.380386 334.755432 546.765991
v 179.412201 359.946655 868.679626
v 179.428299 413.408112 460.871429
v 179.543304 412.939209 460.796173
v 179.569183 359.933685 867.997986
v 179.599030 326.691895 543.482788
v 179.600983 414.623352 411.835114
v 179.614685 413.846802 411.957397
v 179.616348 282.593445 534.452454
v 179.648193 370.266876 419.532135
v 179.650116 371.268555 869.420105
v 179.658234 327.140778 469.009766
v 179.673080 413.843323 666.855347
v 179.761978 454.287354 770.010864
v 179.779648 283.145294 534.600220
v 179.809906 327.595734 468.908661
v 179.898376 426.510284 873.578064
v 179.949722 456.402893 747.377625
v 179.979065 326.789459 543.776550
v 180.057877 351.021088 838.885437
v 180.058426 413.820251 414.418518
v 180.126053 287.345764 477.735382
v 180.141937 326.696594 407.937744
v 180.152512 456.390747 516.203186
v 180.170364 391.940704 419.096466
v 180.196457 394.277039 869.642578
v 180.216660 371.234619 868.679626
v 180.230011 425.976288 873.601074
v 180.243851 322.646118 763.904297
v 180.282166 327.103394 543.999695
v 180.284561 454.049042 770.168030
v 180.373901 371.225220 867.997986
v 180.405685 326.701874 407.752655
v 180.425980 413.798218 577.253296
v 180.433960 413.689941 414.657745
v 180.435516 327.558289 544.098694
v 180.485992 281.930450 529.837646
v 180.554047 287.915771 477.572968
v 180.611923 326.840820 407.945435
v 180.640167 448.458801 466.740753
v 180.667252 334.678375 468.556763
v 180.715790 413.372833 414.845490
v 180.719147 394.245758 869.222351
v 180.739105 453.638672 770.290527
v 180.770325 312.579742 547.944580
v 180.809464 327.110779 408.115479
v 180.833755 322.610809 560.563599
v 180.833755 322.610809 591.395447
v 180.833755 322.610809 654.419800
v 180.833755 322.610809 756.395447
v 180.836197 348.867035 547.292847
v 180.843277 412.937195 414.941345
v 180.879700 322.608032 558.422546
v 180.913116 371.192932 741.717163
v 180.920120 327.441132 408.200653
v 180.990250 282.099884 530.102417
v 181.017242 286.505829 481.299225
v 181.018433 448.167450 466.388550
v 181.051041 413.760803 778.187012
v 181.054169 453.103668 770.357849
v 181.146606 394.220123 868.325378
v 181.166107 288.313934 478.314484
v 181.223846 426.614532 826.806946
v 181.320511 282.064758 528.102295
v 181.321518 447.737427 466.114349
v 181.327255 456.320404 525.895447
v 181.327255 456.320404 736.895447
v 181.379105 326.759094 407.075470
v 181.420715 425.878418 825.704712
v 181.440903 282.448425 530.354553
v 181.474472 424.864288 825.362244
v 181.522751 447.206482 465.942261
v 181.620148 350.927521 756.395447
v 181.634247 419.164917 825.643188
v 181.714172 455.015137 760.563843
v 181.735718 413.719788 742.276306
v 181.762405 456.218811 558.997437
v 181.762405 456.218811 736.895447
v 181.768463 282.938385 530.556580
v 181.784821 456.213531 557.502502
v 181.788635 456.005524 746.737549
v 181.794891 413.716248 825.923828
v 181.797455 455.933838 748.265198
v 181.819702 455.750122 751.456665
v 181.833130 282.237793 528.347961
v 181.866638 455.359070 756.562012
v 181.931488 283.461426 530.679199
v 181.992264 425.010406 838.790955
v 182.114914 425.146484 826.139771
v 182.124969 452.807465 767.144470
v 182.138351 348.789063 468.048187
v 182.170746 419.208191 826.092957
v 182.185883 425.746277 827.103394
v 182.272858 282.222443 525.895447
v 182.290970 282.589661 528.581970
v 182.318451 322.521881 548.483459
v 182.335861 455.993713 557.520386
v 182.336807 456.083130 551.456421
v 182.341125 455.784546 746.725220
v 182.370895 455.529480 751.438354
v 182.405701 424.935577 827.115417
v 182.416214 455.138824 756.537109
v 182.447464 434.150391 405.473053
v 182.450668 370.099060 547.590210
v 182.467056 282.266815 525.976257
v 182.471268 391.322662 838.885437
v 182.475388 434.732178 404.683838
v 182.498901 455.876648 558.997437
v 182.498901 455.876648 736.895447
v 182.518982 434.346680 405.325806
v 182.527252 419.255157 826.725342
v 182.533401 434.647400 404.917877
v 182.545929 348.380646 411.913849
v 182.548264 434.516052 405.136627
v 182.551056 283.928986 498.589844
v 182.623383 283.082123 528.769409
v 182.625473 326.933899 406.225800
v 182.627106 413.669464 826.904968
v 182.633621 419.297913 827.440430
v 182.722717 453.622009 763.490051
v 182.819839 455.597778 557.537537
v 182.824615 455.388153 746.705627
v 182.849335 455.873535 551.701294
v 182.849762 285.973816 485.668396
v 182.854126 455.133331 751.409180
v 182.883072 368.747192 751.968140
v 182.886032 366.952484 753.555115
v 182.899048 454.743134 756.497375
v 182.908661 366.100983 755.792786
v 182.909943 366.064392 756.395447
v 182.931778 366.388580 758.168457
v 182.970367 371.069733 751.395447
v 183.021393 367.745117 760.138000
v 183.033569 413.642090 410.210022
v 183.038635 455.269867 558.997437
v 183.038635 455.269867 736.895447
v 183.065964 282.576599 526.237122
v 183.155411 369.859924 761.250122
v 183.157837 455.071625 557.551208
v 183.160858 373.386108 751.968140
v 183.161865 454.861908 746.681152
v 183.191025 454.607574 751.372681
v 183.195938 446.890594 467.629181
v 183.235413 454.218109 756.447632
v 183.255432 327.128174 405.819733
v 183.292618 454.498505 558.997437
v 183.292618 454.498505 736.895447
v 183.293228 413.567780 410.420563
v 183.298477 372.248810 761.250122
v 183.313660 454.496063 557.559875
v 183.316757 454.286621 746.655396
v 183.328018 455.479950 551.786377
v 183.345551 454.032867 751.334351
v 183.358856 453.473755 758.464233
v 183.371033 327.206909 405.755920
v 183.377975 375.167603 753.555115
v 183.377975 413.514435 410.490692
v 183.389374 453.644348 756.395447
v 183.406372 327.250214 405.741302
v 183.417786 374.364502 760.138000
v 183.422897 327.289642 405.739502
v 183.490692 375.722015 758.168457
v 183.501770 413.400970 410.594788
v 183.502075 376.010315 755.792786
v 183.507706 376.046509 756.395447
v 183.521942 283.104706 526.455444
v 183.554184 322.447876 470.745148
v 183.623840 412.690277 546.402527
v 183.636002 413.200775 410.711365
v 183.644409 301.869843 535.631042
v 183.648163 286.389709 485.421936
v 183.662170 454.955597 551.854553
v 183.674179 413.115356 410.745880
v 183.752548 412.768158 410.824951
v 183.761292 283.748749 526.594727
v 183.762131 370.020538 467.761932
v 183.816010 454.381042 551.897705
v 183.967972 413.586121 756.395447
v 184.033524 391.229126 756.395447
v 184.058212 455.580200 545.968933
v 184.104431 286.951691 485.319550
v 184.184311 413.573181 469.537567
v 184.295776 322.403473 542.305237
v 184.335938 413.564087 408.651062
v 184.520721 413.553040 661.461853
v 184.521362 455.188324 546.121277
v 184.545029 413.431244 469.237640
v 184.562561 452.129486 486.932526
v 184.624298 455.524994 542.376831
v 184.625214 326.390930 535.960388
v 184.728622 282.781311 518.226013
v 184.753677 413.539063 583.741760
v 184.799545 413.536316 543.482788
v 184.804749 413.083618 469.009766
v 184.810760 443.581238 553.265747
v 184.842300 454.665527 546.243591
v 184.901047 412.613770 468.908661
v 184.931671 282.828064 518.278870
v 184.986862 454.092224 546.321167
v 185.045593 326.486084 536.193787
v 185.082916 326.363495 478.659271
v 185.137085 391.650879 411.913849
v 185.148941 285.066803 493.681915
v 185.165222 413.394104 543.776550
v 185.168640 313.751160 400.503998
v 185.226685 313.236145 399.730438
v 185.241791 313.576599 400.353943
v 185.271683 313.311340 399.955536
v 185.276825 313.427094 400.167480
v 185.353241 285.122894 493.645538
v 185.361221 287.118134 488.406891
v 185.379349 326.798157 536.371033
v 185.428680 413.046234 543.999695
v 185.463928 312.115784 536.075989
v 185.506989 326.458435 478.432587
v 185.514023 413.442627 407.812988
v 185.526657 412.576324 544.098694
v 185.546295 327.252228 536.449707
v 185.557037 283.145233 518.455078
v 185.592010 433.901093 553.771729
v 185.617722 413.427399 407.739594
v 185.683456 413.483398 763.904297
v 185.803513 413.264709 407.931732
v 185.843536 326.770386 478.260345
v 185.956589 448.769196 473.158569
v 185.963730 412.980469 408.098022
v 185.971329 421.178680 560.346069
v 185.981522 285.468292 493.552338
v 186.011719 327.224365 478.183960
v 186.031708 283.678741 518.611694
v 186.036087 412.633942 408.185394
v 186.060699 283.440460 510.291107
v 186.150589 286.807648 491.234589
v 186.226364 284.215942 501.948914
v 186.268494 283.489990 510.315063
v 186.273361 413.448059 560.563599
v 186.273361 413.448059 591.395447
v 186.273361 413.448059 654.419800
v 186.273361 413.448059 756.395447
v 186.319321 413.445313 558.422546
v 186.386810 448.481354 472.868652
v 186.434677 284.268646 501.942535
v 186.456833 286.022430 493.513428
v 186.549393 413.259216 407.082153
v 186.733170 448.054199 472.645996
v 186.777542 342.926392 406.652008
v 186.907913 283.815491 510.403992
v 186.949799 284.545715 515.527649
v 186.965164 447.525299 472.510223
v 187.058212 322.238068 536.437012
v 187.075317 284.603729 501.939941
v 187.150955 314.885529 223.395447
v 187.150955 430.904694 223.395447
v 187.184906 448.871490 474.960785
v 187.191223 286.271332 496.344849
v 187.251907 314.771576 222.630081
v 187.251907 431.018646 222.630081
v 187.392258 284.355133 510.497131
v 187.461929 327.137512 532.751953
v 187.539398 314.447052 221.981232
v 187.539398 431.343170 221.981232
v 187.545471 447.161346 473.185181
v 187.560043 285.150360 501.966644
v 187.627136 448.584808 474.688324
v 187.725952 412.951416 406.260010
v 187.744446 322.196960 535.160950
v 187.758057 413.359161 548.483459
v 187.871048 285.318359 506.395447
v 187.969666 313.961395 221.547684
v 187.969666 431.828827 221.547684
v 187.983490 448.158600 474.480133
v 188.042831 443.384827 540.911621
v 188.222610 447.630341 474.354553
v 188.301880 351.294006 406.825958
v 188.391663 334.215820 532.988281
v 188.404846 412.647461 405.802612
v 188.477188 313.388489 221.395447
v 188.477188 432.401703 221.395447
v 188.486221 412.570984 405.754242
v 188.511078 412.531860 405.742065
v 188.524734 412.486511 405.739502
v 188.735107 454.449799 533.621582
v 188.744339 326.144257 486.839752
v 188.787903 433.705322 541.408203
v 188.963211 334.181580 482.041992
v 188.993805 413.285156 470.745148
v 189.069214 326.124786 526.023499
v 189.115448 447.295868 475.591156
v 189.195816 454.232544 533.927490
v 189.197800 326.237427 486.678741
v 189.525284 326.217804 526.177063
v 189.556671 326.548004 486.556427
v 189.584824 453.842804 534.218994
v 189.734772 327.001404 486.502136
v 189.735382 413.240753 542.305237
v 189.825729 413.235352 535.960388
v 189.836899 454.145691 531.676270
v 189.840256 453.324738 534.452454
v 189.886139 326.528290 526.293762
v 189.936539 452.757324 534.600220
v 189.966476 348.320282 533.331787
v 190.065109 326.981628 526.345520
v 190.231750 413.090698 536.193787
v 190.283432 413.207947 478.659271
v 190.308197 453.922516 531.961121
v 190.438766 389.350555 406.813293
v 190.525879 412.740997 536.371033
v 190.543884 348.285706 481.711182
v 190.637436 412.270264 536.449707
v 190.693130 413.063080 478.432587
v 190.706253 453.527405 532.232422
v 190.741470 369.465424 406.642029
v 190.749741 369.601959 406.641998
v 190.757675 369.738586 406.642151
v 190.759094 369.763763 406.642181
v 190.782806 453.879181 529.837646
v 190.808929 443.409210 535.141602
v 190.967758 453.005371 532.449768
v 190.990051 412.713196 478.260345
v 191.065811 452.453186 532.584412
v 191.102859 412.242401 478.183960
v 191.217331 449.339233 482.262177
v 191.258942 292.895111 206.395447
v 191.258942 292.895111 221.395447
v 191.258942 452.895111 206.395447
v 191.258942 452.895111 221.395447
v 191.263245 453.650787 530.102417
v 191.289703 321.984650 485.786926
v 191.328064 325.989532 517.252563
v 191.452164 426.161072 400.728760
v 191.471161 325.980957 497.380310
v 191.539124 433.705383 535.631042
v 191.544678 426.327240 400.578796
v 191.567184 426.669556 399.954468
v 191.596268 426.472778 400.392212
v 191.603912 426.589142 400.179962
v 191.648132 369.548279 533.526184
v 191.669083 453.250977 530.354553
v 191.699005 449.057678 482.060394
v 191.774384 290.803864 206.395447
v 191.774384 290.803864 221.395447
v 191.774384 294.986359 206.395447
v 191.774384 294.986359 221.395447
v 191.774384 450.803864 206.395447
v 191.774384 450.803864 221.395447
v 191.774384 454.986359 206.395447
v 191.774384 454.986359 221.395447
v 191.802261 326.081451 517.335754
v 191.935837 452.725403 530.556580
v 191.946503 326.072815 497.303894
v 192.030060 319.605225 396.542633
v 192.035278 452.186646 530.679199
v 192.043427 319.619324 374.395447
v 192.088272 448.635681 481.910797
v 192.176895 326.391113 517.398926
v 192.229523 369.513458 481.525452
v 192.237610 325.935059 506.403168
v 192.322021 326.382416 497.245850
v 192.350906 448.110413 481.826477
v 192.361984 326.844086 517.426941
v 192.497833 413.075317 536.437012
v 192.507492 326.835358 497.220093
v 192.522064 453.376038 525.895447
v 192.553070 412.155548 532.751953
v 192.594620 451.648499 498.589844
v 192.719116 326.026550 506.399200
v 193.019379 453.137726 526.116638
v 193.099304 326.335876 506.396179
v 193.121460 412.121521 482.271423
v 193.184067 413.034241 535.160950
v 193.202652 289.191681 206.395447
v 193.202652 289.191681 221.395447
v 193.202652 296.598541 206.395447
v 193.202652 296.598541 221.395447
v 193.202652 449.191681 206.395447
v 193.202652 449.191681 221.395447
v 193.202652 456.598541 206.395447
v 193.202652 456.598541 221.395447
v 193.286850 326.788696 506.394867
v 193.439651 452.728912 526.327393
v 193.465881 321.854340 519.240662
v 193.521332 333.908630 516.418518
v 193.715302 333.897034 498.689575
v 193.716110 452.196716 526.496216
v 193.765732 333.894012 499.069031
v 193.817703 451.683044 526.594727
v 193.834076 452.953217 522.143494
v 193.850998 447.908539 485.128357
v 193.878372 322.226379 396.378296
v 193.944855 412.988678 486.839752
v 193.972015 322.081573 396.226318
v 194.020096 321.788452 395.617523
v 194.028488 321.956146 396.042175
v 194.044800 321.856689 395.835602
v 194.122284 449.918030 490.073273
v 194.269730 412.969238 526.023499
v 194.343216 452.710754 522.327881
v 194.383942 412.842041 486.678741
v 194.632462 449.642761 489.947021
v 194.677719 321.781769 502.363647
v 194.703201 412.490845 486.556427
v 194.711426 412.822449 526.177063
v 194.756699 452.321198 522.498901
v 194.805695 422.443665 398.932831
v 194.825912 412.019440 486.502136
v 194.905701 422.596832 398.781982
v 194.953140 422.918060 398.164154
v 194.965454 422.731750 398.596405
v 195.032654 412.471130 526.293762
v 195.038162 451.818756 522.641541
v 195.045639 449.225983 489.860016
v 195.127380 323.079071 223.395447
v 195.127380 323.079071 371.395447
v 195.127380 422.711151 223.395447
v 195.127380 422.711151 371.395447
v 195.156250 411.999664 526.345520
v 195.163376 348.009064 516.542175
v 195.216522 288.427917 206.395447
v 195.216522 288.427917 221.395447
v 195.216522 297.362305 206.395447
v 195.216522 297.362305 221.395447
v 195.216522 448.427917 206.395447
v 195.216522 448.427917 221.395447
v 195.216522 457.362305 206.395447
v 195.216522 457.362305 221.395447
v 195.325439 448.704346 489.819916
v 195.359207 347.997345 498.578583
v 195.410324 347.994293 498.963074
v 195.632431 452.132996 514.446838
v 195.839828 450.595520 498.242249
v 196.158539 451.881653 514.556519
v 196.323761 451.354126 506.568481
v 196.367035 450.327545 498.195007
v 196.528580 412.833954 517.252563
v 196.585815 451.484680 514.665283
v 196.671677 412.825378 497.380310
v 196.694305 450.618835 516.597168
v 196.729324 412.821930 485.786926
v 196.747635 448.683441 495.354248
v 196.794632 449.916809 498.173523
v 196.856110 451.094360 506.601807
v 196.876663 450.977020 514.763733
v 196.883194 369.234802 516.612854
v 196.974579 334.991974 371.395447
v 196.974579 334.991974 374.395447
v 196.974579 410.798218 371.395447
v 196.974579 410.798218 374.395447
v 196.988403 412.686096 517.335754
v 197.080353 369.222992 498.516998
v 197.084946 449.399445 498.179657
v 197.131851 369.219910 498.904297
v 197.132660 412.677460 497.303894
v 197.288269 450.690399 506.647186
v 197.323425 412.333954 517.398926
v 197.354660 288.687531 206.395447
v 197.354660 288.687531 221.395447
v 197.354660 297.102692 206.395447
v 197.354660 297.102692 221.395447
v 197.354660 448.687531 206.395447
v 197.354660 448.687531 221.395447
v 197.354660 457.102692 206.395447
v 197.354660 457.102692 221.395447
v 197.438126 412.779480 506.403168
v 197.453125 411.862122 517.426941
v 197.468536 412.325256 497.245850
v 197.582184 450.177795 506.700623
v 197.598633 411.853424 497.220093
v 197.625916 449.298523 502.668701
v 197.710861 449.633484 506.395447
v 197.905273 412.631195 506.399200
v 197.984848 419.092377 396.544037
v 197.999023 419.073242 374.395447
v 198.245819 412.278717 506.396179
v 198.377991 411.806732 506.394867
v 198.905502 412.691620 519.240662
v 199.127243 289.911041 206.395447
v 199.127243 289.911041 221.395447
v 199.127243 295.879150 206.395447
v 199.127243 295.879150 221.395447
v 199.127243 449.911041 206.395447
v 199.127243 449.911041 221.395447
v 199.127243 455.879150 206.395447
v 199.127243 455.879150 221.395447
v 199.540192 328.870087 223.395447
v 199.540192 416.920135 223.395447
v 199.665482 328.783600 222.630081
v 199.665482 417.006592 222.630081
v 200.022278 328.537323 221.981232
v 200.022278 417.252899 221.981232
v 200.117340 412.619049 502.363647
v 200.128174 291.818176 206.395447
v 200.128174 291.818176 221.395447
v 200.128174 293.972015 206.395447
v 200.128174 293.972015 221.395447
v 200.128174 451.818176 206.395447
v 200.128174 451.818176 221.395447
v 200.128174 453.972015 206.395447
v 200.128174 453.972015 221.395447
v 200.258942 292.895111 221.395447
v 200.258942 452.895111 221.395447
v 200.431534 330.860962 393.329773
v 200.540085 330.744049 393.176636
v 200.556274 328.168732 221.547684
v 200.556274 417.621460 221.547684
v 200.612396 330.641998 392.994232
v 200.636063 330.501617 392.578339
v 200.644913 330.559845 392.791504
v 201.186157 327.733948 221.395447
v 201.186157 418.056244 221.395447
v 201.694611 412.887054 395.173889
v 201.809509 413.008789 395.021423
v 201.885727 413.117432 394.837982
v 201.908722 413.274017 394.416809
v 205.584991 342.390778 391.454590
v 206.162048 341.330536 390.744232
v 206.283371 341.245361 390.590240
v 206.369370 341.170776 390.409363
v 206.421387 341.066345 390.000671
v 206.533005 359.665131 371.395447
v 206.533005 359.665131 374.395447
v 206.533005 386.125061 371.395447
v 206.533005 386.125061 374.395447
v 206.868484 342.078156 389.807007
v 206.870438 342.082672 374.395447
v 207.041061 402.388763 392.152161
v 207.160492 359.577759 392.572632
v 207.166977 402.478210 391.998627
v 207.255737 402.559021 391.816925
v 207.303146 402.627319 391.615631
v 207.306946 402.679901 391.404327
v 207.758942 279.895111 206.395447
v 207.758942 279.895111 219.395447
v 207.758942 372.895111 371.395447
v 207.758942 372.895111 374.395447
v 207.758942 465.895111 206.395447
v 207.758942 465.895111 219.395447
v 207.774887 280.031219 220.118088
v 207.774902 465.758972 220.118118
v 207.777206 279.895111 219.403610
v 207.777206 465.895081 219.403610
v 208.206985 376.863708 392.595886
v 208.222702 345.413239 223.395447
v 208.222702 400.376984 223.395447
v 208.365051 345.359253 222.630081
v 208.365051 400.430969 222.630081
v 208.585114 346.388550 223.395447
v 208.585114 346.388550 371.395447
v 208.585114 399.401672 223.395447
v 208.585114 399.401672 371.395447
v 208.714157 397.992523 391.170776
v 208.718994 394.292358 391.507782
v 208.770416 345.205505 221.981232
v 208.770416 400.584717 221.981232
v 208.843399 398.068939 391.016937
v 208.936035 398.138336 390.835785
v 208.996262 398.243591 390.425934
v 209.377106 344.975433 221.547684
v 209.377106 400.814789 221.547684
v 209.409180 280.032196 220.123199
v 209.409180 465.757996 220.123199
v 210.026031 351.930725 389.104553
v 210.035538 395.013794 389.808472
v 210.039352 395.001007 374.395447
v 210.092728 344.704010 221.395447
v 210.092728 401.086182 221.395447
v 210.155960 351.876373 388.950134
v 210.251114 351.828949 388.770172
v 210.322189 351.762848 388.365936
v 211.041504 280.449219 220.777252
v 211.041504 465.341003 220.777252
v 211.585770 280.656311 206.395447
v 211.585770 465.133911 206.395447
v 211.687363 386.668213 389.317383
v 211.822281 386.711884 389.163025
v 211.921722 386.752228 388.982941
v 211.998398 386.816132 388.578156
v 212.175674 280.923340 221.143494
v 212.175674 464.866882 221.143494
v 212.360062 363.488922 388.269775
v 212.495331 363.467316 388.115143
v 212.544037 281.114288 221.236725
v 212.544037 464.675934 221.236725
v 212.596054 363.449127 387.935669
v 212.657928 363.435181 387.739075
v 212.678299 363.426086 387.533691
v 212.693878 363.553497 223.395447
v 212.693878 382.236694 223.395447
v 212.790131 368.151154 388.193024
v 212.805801 368.412872 388.193024
v 212.845016 363.535156 222.630081
v 212.845016 382.255035 222.630081
v 212.904999 375.039185 388.344421
v 212.926498 368.142609 388.038361
v 212.935135 372.648743 388.256287
v 212.942215 368.405060 388.038361
v 213.028275 368.136200 387.858948
v 213.041901 375.049988 388.189789
v 213.044022 368.399292 387.858948
v 213.072006 372.652832 388.101624
v 213.091110 368.132141 387.662445
v 213.106903 368.395813 387.662445
v 213.112350 368.130676 387.457184
v 213.120361 368.262451 374.395447
v 213.128174 368.394745 387.457184
v 213.144028 375.060913 388.010284
v 213.174164 372.657745 387.922180
v 213.206985 375.071503 387.813599
v 213.228104 375.081299 387.608093
v 213.237259 372.663269 387.725586
v 213.258621 372.669159 387.520233
v 213.258942 372.895111 223.395447
v 213.258942 372.895111 371.395447
v 213.275391 363.482910 221.981232
v 213.275391 382.307312 221.981232
v 213.758942 281.895111 221.395447
v 213.758942 463.895111 221.395447
v 213.919510 363.404694 221.547684
v 213.919510 382.385529 221.547684
v 214.679306 363.312439 221.395447
v 214.679306 382.477783 221.395447
v 214.830017 282.824036 206.395447
v 214.830017 282.824036 221.395447
v 214.830017 462.966187 206.395447
v 214.830017 462.966187 221.395447
v 215.258942 372.895111 221.395447
v 215.758942 283.895111 221.395447
v 215.758942 372.895111 221.395447
v 215.758942 461.895111 221.395447
v 216.539764 285.110016 221.236725
v 216.539764 460.680176 221.236725
v 216.730713 285.478394 221.143494
v 216.730713 460.311829 221.143494
v 216.997742 286.068268 206.395447
v 216.997742 459.721924 206.395447
v 217.204834 286.612549 220.777252
v 217.204834 459.177673 220.777252
v 217.621841 288.244873 220.123199
v 217.621841 457.545349 220.123199
v 217.758942 289.885986 219.399536
v 217.758942 289.895111 206.395447
v 217.758942 332.645111 206.395447
v 217.758942 455.895111 206.395447
v 217.758942 455.904236 219.399536
usemtl Mitsubishiii_RV_2AJMaterial0
f 1217 1216 1218
f 1216 1217 1221
f 1217 1218 1228
f 1260 1221 1217
f 1260 1217 1228
f 1261 1218 1216
f 1216 1221 1222
f 1216 1222 1261
f 1261 1229 1218
f 1228 1218 1229
f 1221 1233 1222
f 1260 1232 1221
f 1232 1233 1221
f 1261 1222 1233
f 1261 1243 1229
f 1261 1233 1252
f 1261 1263 1243
f 1261 1252 1268
f 1261 1278 1263
f 1261 1268 1286
f 1261 1295 1278
f 1261 1286 1305
f 1261 1312 1295
f 1261 1305 1312
f 1260 1228 1242
f 1228 1229 1242
f 1260 1251 1232
f 1260 1242 1262
f 1260 1267 1251
f 1260 1262 1277
f 1260 1285 1267
f 1260 1277 1294
f 1260 1304 1285
f 1260 1294 1311
f 1311 1304 1260
f 1242 1229 1243
f 1232 1252 1233
f 1251 1252 1232
f 1242 1243 1262
f 1262 1243 1263
f 1251 1268 1252
f 1267 1268 1251
f 1262 1263 1277
f 1277 1263 1278
f 1267 1286 1268
f 1285 1286 1267
f 1277 1278 1294
f 1304 1305 1285
f 1285 1305 1286
f 1294 1295 1311
f 1294 1278 1295
f 1311 1312 1304
f 1304 1312 1305
f 1311 1295 1312
f 1282 1281 1283
f 1281 1282 1288
f 1282 1283 1292
f 1344 1288 1282
f 1344 1282 1292
f 1345 1283 1281
f 1281 1288 1289
f 1281 1289 1345
f 1345 1293 1283
f 1292 1283 1293
f 1288 1297 1289
f 1344 1296 1288
f 1296 1297 1288
f 1345 1289 1297
f 1345 1322 1293
f 1345 1297 1331
f 1345 1348 1322
f 1345 1331 1356
f 1345 1367 1348
f 1345 1356 1378
f 1345 1387 1367
f 1345 1378 1390
f 1345 1396 1387
f 1345 1390 1396
f 1344 1292 1321
f 1292 1293 1321
f 1344 1330 1296
f 1344 1321 1347
f 1344 1355 1330
f 1344 1347 1366
f 1344 1377 1355
f 1344 1366 1386
f 1344 1389 1377
f 1344 1386 1395
f 1395 1389 1344
f 1321 1293 1322
f 1296 1331 1297
f 1330 1331 1296
f 1321 1322 1347
f 1347 1322 1348
f 1330 1356 1331
f 1355 1356 1330
f 1347 1348 1366
f 1366 1348 1367
f 1355 1378 1356
f 1377 1378 1355
f 1366 1367 1386
f 1389 1390 1377
f 1377 1390 1378
f 1386 1387 1395
f 1386 1367 1387
f 1395 1396 1389
f 1389 1396 1390
f 1395 1387 1396
f 1317 1316 1318
f 1316 1317 1319
f 1317 1318 1333
f 1368 1319 1317
f 1368 1317 1333
f 1369 1318 1316
f 1316 1319 1320
f 1316 1320 1369
f 1369 1334 1318
f 1333 1318 1334
f 1319 1340 1320
f 1368 1339 1319
f 1339 1340 1319
f 1369 1320 1340
f 1369 1352 1334
f 1369 1340 1361
f 1369 1375 1352
f 1369 1361 1384
f 1369 1400 1375
f 1369 1384 1403
f 1369 1420 1400
f 1369 1403 1427
f 1369 1433 1420
f 1369 1427 1433
f 1368 1333 1351
f 1333 1334 1351
f 1368 1360 1339
f 1368 1351 1374
f 1368 1383 1360
f 1368 1374 1399
f 1368 1402 1383
f 1368 1399 1419
f 1368 1426 1402
f 1368 1419 1432
f 1432 1426 1368
f 1351 1334 1352
f 1339 1361 1340
f 1360 1361 1339
f 1351 1352 1374
f 1374 1352 1375
f 1360 1384 1361
f 1383 1384 1360
f 1374 1375 1399
f 1399 1375 1400
f 1383 1403 1384
f 1402 1403 1383
f 1399 1400 1419
f 1426 1427 1402
f 1402 1427 1403
f 1419 1420 1432
f 1419 1400 1420
f 1432 1433 1426
f 1426 1433 1427
f 1432 1420 1433
f 2062 2061 2063
f 2061 2062 2064
f 2062 2063 2075
f 2122 2064 2062
f 2122 2062 2075
f 2123 2063 2061
f 2061 2064 2065
f 2061 2065 2123
f 2123 2076 2063
f 2075 2063 2076
f 2064 2079 2065
f 2122 2078 2064
f 2078 2079 2064
f 2123 2065 2079
f 2123 2100 2076
f 2123 2079 2110
f 2123 2128 2100
f 2123 2110 2134
f 2123 2147 2128
f 2123 2134 2156
f 2123 2161 2147
f 2123 2156 2163
f 2123 2165 2161
f 2123 2163 2165
f 2122 2075 2099
f 2075 2076 2099
f 2122 2109 2078
f 2122 2099 2127
f 2122 2133 2109
f 2122 2127 2146
f 2122 2155 2133
f 2122 2146 2160
f 2122 2162 2155
f 2122 2160 2164
f 2164 2162 2122
f 2099 2076 2100
f 2078 2110 2079
f 2109 2110 2078
f 2099 2100 2127
f 2127 2100 2128
f 2109 2134 2110
f 2133 2134 2109
f 2127 2128 2146
f 2146 2128 2147
f 2133 2156 2134
f 2155 2156 2133
f 2146 2147 2160
f 2162 2163 2155
f 2155 2163 2156
f 2160 2161 2164
f 2160 2147 2161
f 2164 2165 2162
f 2162 2165 2163
f 2164 2161 2165
f 2094 2091 2095
f 2091 2094 2097
f 2094 2095 2113
f 2149 2097 2094
f 2149 2094 2113
f 2150 2095 2091
f 2091 2097 2098
f 2091 2098 2150
f 2150 2114 2095
f 2113 2095 2114
f 2097 2117 2098
f 2149 2116 2097
f 2116 2117 2097
f 2150 2098 2117
f 2150 2130 2114
f 2150 2117 2138
f 2150 2153 2130
f 2150 2138 2159
f 2150 2167 2153
f 2150 2159 2170
f 2150 2184 2167
f 2150 2170 2186
f 2150 2189 2184
f 2150 2186 2189
f 2149 2113 2129
f 2113 2114 2129
f 2149 2137 2116
f 2149 2129 2152
f 2149 2158 2137
f 2149 2152 2166
f 2149 2169 2158
f 2149 2166 2183
f 2149 2185 2169
f 2149 2183 2188
f 2188 2185 2149
f 2129 2114 2130
f 2116 2138 2117
f 2137 2138 2116
f 2129 2130 2152
f 2152 2130 2153
f 2137 2159 2138
f 2158 2159 2137
f 2152 2153 2166
f 2166 2153 2167
f 2158 2170 2159
f 2169 2170 2158
f 2166 2167 2183
f 2185 2186 2169
f 2169 2186 2170
f 2183 2184 2188
f 2183 2167 2184
f 2188 2189 2185
f 2185 2189 2186
f 2188 2184 2189
f 394 388 380
f 388 394 418
f 394 380 395
f 395 396 394
f 394 413 418
f 413 394 396
f 388 1435 380
f 1435 388 1442
f 465 388 418
f 388 465 472
f 1442 388 472
f 1435 416 380
f 380 415 395
f 416 415 380
f 1450 416 1435
f 1380 1435 1442
f 1372 1450 1435
f 1435 1380 1372
f 406 395 415
f 395 406 396
f 415 416 463
f 415 439 406
f 439 415 463
f 416 513 463
f 513 416 514
f 416 1450 514
f 445 465 418
f 445 418 413
f 479 472 465
f 465 445 466
f 466 479 465
f 476 1442 472
f 472 479 476
f 1442 476 1471
f 1411 1442 1471
f 1442 1411 1380
f 405 413 396
f 419 396 406
f 396 419 405
f 413 405 424
f 424 445 413
f 406 451 419
f 451 406 439
f 431 405 419
f 422 424 405
f 405 431 422
f 419 457 431
f 457 419 451
f 424 422 434
f 445 424 455
f 434 455 424
f 433 422 431
f 460 431 457
f 431 460 433
f 427 434 422
f 422 433 427
f 439 480 451
f 439 463 477
f 480 439 477
f 451 487 457
f 487 451 480
f 469 445 455
f 445 469 466
f 513 477 463
f 513 514 533
f 477 513 522
f 533 522 513
f 1450 801 514
f 514 633 533
f 801 633 514
f 801 1450 1496
f 1450 1372 1392
f 1392 1496 1450
f 457 490 460
f 490 457 487
f 434 427 437
f 455 434 461
f 437 461 434
f 427 433 474
f 460 474 433
f 816 427 474
f 427 739 437
f 739 427 816
f 473 455 461
f 455 473 469
f 599 816 474
f 474 460 599
f 739 464 437
f 461 437 464
f 1372 739 816
f 739 475 464
f 475 739 703
f 1372 703 739
f 816 599 974
f 1372 816 974
f 599 460 490
f 475 461 464
f 461 475 473
f 477 528 480
f 480 538 487
f 538 480 528
f 528 477 522
f 469 481 466
f 473 484 469
f 481 469 484
f 479 466 481
f 487 543 490
f 543 487 538
f 468 527 453
f 527 468 547
f 1632 468 453
f 468 1632 1646
f 468 611 547
f 611 468 531
f 468 1646 531
f 542 453 527
f 532 542 527
f 547 536 527
f 532 527 536
f 488 1632 453
f 453 562 488
f 562 453 542
f 488 1664 1632
f 1756 1646 1632
f 1797 1632 1664
f 1632 1797 1756
f 488 562 588
f 542 555 562
f 555 588 562
f 711 488 588
f 711 618 488
f 1664 488 618
f 542 532 555
f 475 489 473
f 484 473 489
f 543 599 490
f 599 543 883
f 1096 599 883
f 599 1096 974
f 489 475 492
f 703 492 475
f 491 479 481
f 479 478 476
f 478 479 485
f 485 479 498
f 479 491 498
f 484 491 481
f 611 565 547
f 536 547 565
f 531 682 611
f 682 657 611
f 565 611 617
f 617 611 657
f 1646 545 531
f 682 531 545
f 545 1646 1699
f 1776 1699 1646
f 1646 1756 1776
f 489 493 484
f 491 484 493
f 478 486 476
f 1471 476 486
f 492 494 489
f 493 489 494
f 492 703 500
f 494 492 500
f 500 703 515
f 515 703 598
f 703 672 598
f 703 692 672
f 703 694 692
f 704 694 703
f 1439 704 703
f 703 1489 1439
f 1489 703 1372
f 537 486 478
f 550 478 485
f 478 550 537
f 1471 486 525
f 486 537 525
f 552 1471 525
f 1471 552 556
f 824 1471 556
f 1471 824 1563
f 1461 1471 1563
f 1471 1461 1411
f 522 554 528
f 528 563 538
f 563 528 554
f 522 533 548
f 554 522 548
f 498 550 485
f 550 570 537
f 550 498 595
f 610 550 595
f 570 550 603
f 610 603 550
f 537 552 525
f 570 552 537
f 501 498 491
f 493 501 491
f 501 595 498
f 538 569 543
f 569 538 563
f 494 504 493
f 501 493 504
f 569 883 543
f 604 711 588
f 588 555 604
f 618 711 786
f 711 604 729
f 729 786 711
f 946 1664 618
f 829 618 786
f 1008 618 829
f 618 1008 946
f 1664 946 1763
f 1877 1664 1763
f 1797 1664 1877
f 500 509 494
f 504 494 509
f 504 596 501
f 595 501 596
f 509 500 515
f 509 600 504
f 596 504 600
f 598 509 515
f 600 509 605
f 509 598 605
f 596 610 595
f 600 613 596
f 610 596 613
f 605 625 600
f 613 600 625
f 672 605 598
f 605 672 649
f 625 605 649
f 548 533 633
f 633 801 849
f 548 633 699
f 849 699 633
f 801 1079 849
f 1079 801 1108
f 801 1496 1108
f 548 710 554
f 554 727 563
f 727 554 710
f 710 548 699
f 552 570 556
f 544 532 536
f 532 544 539
f 539 555 532
f 536 575 544
f 575 536 565
f 563 728 569
f 728 563 727
f 615 682 545
f 696 682 615
f 657 682 693
f 682 696 751
f 751 693 682
f 566 615 545
f 545 1699 566
f 553 539 544
f 592 544 575
f 544 592 553
f 555 539 561
f 539 553 551
f 551 561 539
f 561 604 555
f 617 575 565
f 630 592 575
f 575 617 630
f 624 570 603
f 570 557 556
f 557 570 558
f 558 570 559
f 570 624 559
f 883 569 728
f 553 560 551
f 592 567 553
f 560 553 567
f 561 551 583
f 593 551 560
f 551 593 583
f 583 609 561
f 604 561 609
f 868 883 728
f 1134 1096 883
f 883 868 1134
f 567 592 597
f 654 597 592
f 592 630 654
f 566 766 615
f 566 1699 665
f 766 566 665
f 808 615 766
f 615 808 696
f 1699 709 665
f 709 1699 722
f 1699 979 722
f 979 1699 1811
f 1833 1811 1699
f 1833 1699 1776
f 699 850 710
f 710 863 727
f 863 710 850
f 699 849 844
f 850 699 844
f 603 610 627
f 603 626 624
f 603 627 628
f 626 603 629
f 629 603 628
f 636 610 613
f 610 636 627
f 560 661 593
f 661 560 567
f 648 583 593
f 865 593 661
f 593 865 648
f 609 583 622
f 583 648 622
f 586 556 557
f 556 586 623
f 740 556 623
f 824 556 740
f 567 1066 661
f 597 996 567
f 1066 567 996
f 727 868 728
f 868 727 863
f 609 729 604
f 557 742 586
f 558 723 557
f 742 557 723
f 586 792 623
f 792 586 742
f 623 859 740
f 859 623 792
f 740 979 824
f 979 740 859
f 979 1499 824
f 824 1499 1500
f 2351 1563 824
f 824 1500 1561
f 824 1561 1639
f 824 1639 1754
f 824 1754 2351
f 724 723 558
f 559 594 558
f 594 724 558
f 722 742 723
f 756 723 724
f 722 723 756
f 722 792 742
f 559 1451 594
f 559 624 620
f 559 632 584
f 632 559 620
f 584 1436 559
f 1451 559 1436
f 724 594 753
f 1451 681 594
f 681 753 594
f 753 725 724
f 756 724 725
f 624 631 620
f 626 634 624
f 631 624 634
f 712 584 632
f 631 632 620
f 655 712 632
f 632 631 655
f 584 1443 1436
f 712 715 584
f 1443 584 715
f 1373 1451 1436
f 1381 1436 1443
f 1436 1381 1373
f 1451 805 681
f 805 1451 1497
f 1451 1373 1393
f 1393 1497 1451
f 1139 661 1066
f 661 1139 865
f 622 735 609
f 729 609 735
f 617 674 630
f 674 617 657
f 709 766 665
f 766 837 808
f 709 756 766
f 837 766 756
f 676 996 597
f 597 654 676
f 996 1776 1066
f 996 676 980
f 1776 996 980
f 1066 1756 1139
f 1756 1066 1776
f 674 654 630
f 716 622 648
f 648 865 716
f 735 622 748
f 622 716 748
f 715 712 767
f 712 655 721
f 721 767 712
f 715 1472 1443
f 810 715 767
f 976 715 810
f 715 976 944
f 1472 715 944
f 1412 1443 1472
f 1443 1412 1381
f 722 859 792
f 686 676 654
f 654 674 686
f 865 760 716
f 1226 865 1139
f 1093 760 865
f 865 1226 1093
f 753 681 819
f 805 819 681
f 819 1666 753
f 1666 725 753
f 625 636 613
f 676 686 706
f 706 980 676
f 692 649 672
f 1096 1372 974
f 1372 1096 1392
f 1096 1134 1202
f 1202 1392 1096
f 649 651 625
f 636 625 651
f 636 628 627
f 643 626 629
f 634 626 635
f 626 643 635
f 642 629 628
f 643 629 642
f 628 636 642
f 735 908 729
f 908 786 729
f 651 649 673
f 649 692 673
f 748 918 735
f 908 735 918
f 651 642 636
f 657 700 674
f 700 657 693
f 813 696 808
f 696 774 751
f 696 813 774
f 813 808 857
f 919 808 837
f 808 919 857
f 674 718 686
f 718 674 700
f 786 908 829
f 908 1008 829
f 1147 946 1008
f 1008 908 1043
f 1043 1147 1008
f 1147 1184 946
f 1763 946 1184
f 634 646 631
f 631 670 655
f 670 631 646
f 748 716 760
f 945 748 760
f 918 748 932
f 748 945 932
f 722 979 859
f 650 634 635
f 646 634 647
f 634 650 647
f 642 651 666
f 673 666 651
f 643 650 635
f 666 643 642
f 650 643 667
f 667 643 666
f 670 721 655
f 646 683 670
f 647 668 646
f 683 646 668
f 683 732 670
f 721 670 732
f 849 1025 844
f 1025 849 1079
f 671 647 650
f 671 650 667
f 668 647 669
f 647 671 669
f 694 667 666
f 673 694 666
f 695 671 667
f 695 667 694
f 668 705 683
f 669 684 668
f 705 668 684
f 757 683 705
f 732 683 741
f 683 757 741
f 690 669 671
f 671 695 691
f 690 671 691
f 684 669 688
f 669 690 688
f 694 673 692
f 718 706 686
f 732 794 721
f 767 721 794
f 755 700 693
f 761 718 700
f 700 755 761
f 693 751 755
f 1756 1226 1139
f 756 709 722
f 694 704 695
f 704 691 695
f 684 828 705
f 828 684 688
f 705 998 757
f 998 705 828
f 746 688 690
f 691 746 690
f 688 746 828
f 741 800 732
f 794 732 800
f 691 704 746
f 706 718 733
f 718 761 768
f 768 733 718
f 733 980 706
f 980 733 777
f 980 777 845
f 980 845 942
f 970 980 942
f 970 981 980
f 981 1833 980
f 1776 980 1833
f 819 805 959
f 959 1666 819
f 1364 959 805
f 1497 1364 805
f 774 755 751
f 817 741 757
f 757 998 811
f 817 757 811
f 800 741 806
f 741 817 806
f 1373 828 746
f 1373 998 828
f 1393 746 704
f 746 1393 1373
f 704 1439 1393
f 755 774 779
f 779 761 755
f 813 779 774
f 779 813 818
f 857 818 813
f 844 1028 850
f 850 1035 863
f 1035 850 1028
f 1028 844 1025
f 791 768 761
f 761 779 791
f 1611 1439 1489
f 1497 1393 1439
f 1439 1611 1497
f 1380 1489 1372
f 1489 1380 1411
f 1461 1489 1411
f 1558 1489 1461
f 1611 1489 1709
f 1489 1558 1604
f 1709 1489 1604
f 998 1373 1381
f 998 1061 811
f 1061 998 1137
f 1381 1137 998
f 733 768 777
f 910 756 725
f 756 910 837
f 863 1037 868
f 1037 863 1035
f 767 794 810
f 810 893 976
f 893 810 794
f 1100 944 976
f 1016 976 893
f 1016 1100 976
f 1146 1472 944
f 944 1100 1146
f 1472 1146 1564
f 1472 1462 1412
f 1462 1472 1564
f 760 1093 945
f 799 777 768
f 768 791 799
f 800 893 794
f 1513 1499 979
f 979 1581 1513
f 979 1662 1581
f 979 1787 1662
f 2424 1787 979
f 1811 2424 979
f 736 910 725
f 1634 736 725
f 725 1666 1634
f 910 736 937
f 1648 736 1634
f 1002 736 834
f 736 1002 937
f 736 1648 834
f 926 910 937
f 914 837 910
f 921 914 910
f 910 926 921
f 1798 1634 1666
f 1757 1648 1634
f 1634 1798 1757
f 1666 959 1765
f 1878 1666 1765
f 1798 1666 1878
f 1134 868 1037
f 918 1043 908
f 806 904 800
f 893 800 904
f 799 845 777
f 932 1045 918
f 1043 918 1045
f 834 1080 1002
f 1002 961 937
f 1075 1002 1080
f 961 1002 1009
f 1002 1075 1009
f 1701 834 1648
f 1048 1080 834
f 834 1701 1048
f 1777 1701 1648
f 1648 1757 1777
f 926 937 961
f 933 806 817
f 1061 817 811
f 817 1061 933
f 904 806 913
f 806 933 913
f 1065 932 945
f 1093 1065 945
f 1045 932 1050
f 932 1065 1050
f 779 825 791
f 825 779 818
f 837 920 919
f 837 914 917
f 837 917 920
f 1398 1093 1226
f 1065 1093 1258
f 1093 1398 1258
f 791 831 799
f 831 791 825
f 845 799 831
f 896 845 831
f 845 896 942
f 818 879 825
f 825 896 831
f 896 825 879
f 818 857 866
f 879 818 866
f 904 1016 893
f 913 1020 904
f 1016 904 1020
f 1079 1108 1102
f 1102 1025 1079
f 1496 1358 1108
f 1108 1210 1102
f 1210 1108 1358
f 1496 1392 1438
f 1358 1496 1610
f 1438 1610 1496
f 959 1364 1493
f 1493 1765 959
f 1497 1422 1364
f 1422 1493 1364
f 1422 1497 1611
f 1004 913 933
f 933 1061 1004
f 1020 913 1026
f 913 1004 1026
f 919 866 857
f 866 919 930
f 920 931 919
f 919 931 930
f 1061 1030 1004
f 1137 1214 1061
f 1214 1030 1061
f 930 879 866
f 896 879 948
f 879 930 948
f 1499 1501 1500
f 1514 1499 1513
f 1499 1514 1501
f 1563 2351 1660
f 1563 1558 1461
f 1660 1558 1563
f 1500 1562 1561
f 1531 1500 1501
f 1562 1500 1531
f 1561 1640 1639
f 1587 1561 1562
f 1640 1561 1587
f 1639 1755 1754
f 1755 1639 1640
f 2351 1754 1857
f 2351 1972 2424
f 2620 2351 2424
f 2351 1774 1660
f 1774 2351 2829
f 2351 1857 1926
f 2829 2351 2466
f 2351 1926 1972
f 2351 2620 2466
f 1858 1754 1755
f 1754 1858 1857
f 948 942 896
f 1080 1048 1136
f 1080 1138 1075
f 1138 1080 1136
f 1701 1206 1048
f 1048 1178 1136
f 1048 1270 1178
f 1270 1048 1206
f 1206 1701 1813
f 1834 1701 1777
f 1834 1813 1701
f 927 917 914
f 914 921 927
f 928 920 917
f 917 927 928
f 920 928 931
f 1025 1145 1028
f 1145 1025 1142
f 1025 1102 1142
f 1028 1149 1035
f 1149 1028 1145
f 942 948 970
f 1035 1152 1037
f 1152 1035 1149
f 1152 1134 1037
f 1226 1756 1797
f 1797 1398 1226
f 948 930 949
f 949 930 931
f 1134 1152 1341
f 1134 1376 1202
f 1376 1134 1341
f 971 948 949
f 970 948 971
f 1020 1117 1016
f 1100 1016 1117
f 1026 1119 1020
f 1117 1020 1119
f 1045 1144 1043
f 1147 1043 1144
f 938 921 926
f 934 927 921
f 921 938 934
f 926 973 938
f 973 926 961
f 1026 1004 1030
f 1131 1026 1030
f 1119 1026 1126
f 1026 1131 1126
f 939 928 927
f 927 934 939
f 940 931 928
f 928 939 940
f 1050 1150 1045
f 1144 1045 1150
f 931 940 949
f 954 934 938
f 982 938 973
f 938 982 954
f 947 939 934
f 934 954 947
f 961 1013 973
f 1013 961 1009
f 973 1021 982
f 1021 973 1013
f 955 940 939
f 939 947 955
f 956 949 940
f 940 955 956
f 956 971 949
f 1162 1050 1065
f 1065 1258 1162
f 1150 1050 1158
f 1050 1162 1158
f 965 947 954
f 982 967 954
f 965 954 967
f 947 966 955
f 947 965 963
f 966 947 963
f 967 982 1017
f 1017 982 1021
f 968 956 955
f 955 966 968
f 971 956 969
f 956 968 969
f 981 970 971
f 1205 1146 1100
f 1193 1100 1117
f 1100 1193 1205
f 1205 1371 1146
f 1564 1146 1371
f 1184 1147 1212
f 1144 1212 1147
f 1480 1763 1184
f 1276 1184 1212
f 1276 1480 1184
f 1763 1480 1865
f 1763 2002 1877
f 2002 1763 1865
f 1076 963 965
f 967 1076 965
f 1076 966 963
f 999 968 966
f 966 1076 999
f 969 981 971
f 967 1174 1076
f 1051 967 1017
f 1174 967 1051
f 968 999 969
f 981 969 999
f 1612 1765 1493
f 1493 1422 1612
f 1765 1612 1869
f 2004 1765 1869
f 1878 1765 2004
f 1009 1081 1013
f 1013 1085 1021
f 1085 1013 1081
f 1081 1009 1075
f 1757 999 1076
f 1174 1757 1076
f 1757 981 999
f 1091 1051 1017
f 1021 1091 1017
f 1191 1174 1051
f 1051 1091 1155
f 1051 1155 1191
f 1757 1174 1777
f 1174 1191 1271
f 1271 1777 1174
f 1833 981 1922
f 2003 981 1757
f 981 2003 1922
f 1091 1021 1085
f 1582 1513 1581
f 1513 1545 1514
f 1513 1582 1545
f 1663 1581 1662
f 1581 1608 1582
f 1581 1663 1608
f 1788 1662 1787
f 1662 1788 1663
f 2424 1883 1787
f 1787 1884 1788
f 1884 1787 1883
f 2424 1811 1910
f 1811 1833 1922
f 2003 1811 1922
f 2003 1910 1811
f 2424 1944 1883
f 2021 2424 1910
f 2424 1972 1944
f 2424 2021 3018
f 2424 3018 2620
f 1798 2003 1757
f 2003 1798 2029
f 1910 2003 2029
f 1137 1381 1412
f 1214 1137 1259
f 1412 1259 1137
f 1075 1141 1081
f 1141 1075 1138
f 1030 1214 1131
f 1081 1148 1085
f 1148 1081 1141
f 1085 1155 1091
f 1155 1085 1148
f 1119 1193 1117
f 1126 1194 1119
f 1193 1119 1194
f 1142 1248 1145
f 1145 1253 1149
f 1253 1145 1248
f 1210 1142 1102
f 1142 1210 1246
f 1248 1142 1246
f 1199 1126 1131
f 1131 1214 1199
f 1194 1126 1196
f 1126 1199 1196
f 1152 1149 1253
f 1214 1314 1199
f 1259 1492 1214
f 1314 1214 1492
f 1341 1152 1253
f 1150 1239 1144
f 1212 1144 1239
f 1158 1241 1150
f 1239 1150 1241
f 1138 1136 1178
f 1272 1178 1270
f 1178 1272 1138
f 1206 1470 1270
f 1270 1430 1272
f 1430 1270 1470
f 1470 1206 1512
f 1206 1813 1512
f 1186 1158 1162
f 1162 1258 1186
f 1241 1158 1244
f 1186 1244 1158
f 1290 1191 1155
f 1148 1290 1155
f 1191 1290 1424
f 1424 1271 1191
f 1762 1258 1398
f 1258 1250 1186
f 1641 1250 1258
f 1258 1762 1641
f 1138 1273 1141
f 1273 1138 1272
f 1141 1280 1148
f 1280 1141 1273
f 1290 1148 1280
f 1398 1797 1877
f 1877 1762 1398
f 1392 1202 1438
f 1376 1438 1202
f 1309 1205 1193
f 1194 1309 1193
f 1371 1205 1346
f 1205 1309 1346
f 1210 1358 1445
f 1445 1246 1210
f 2015 1445 1358
f 1610 2015 1358
f 1196 1310 1194
f 1309 1194 1310
f 1314 1196 1199
f 1310 1196 1313
f 1196 1314 1313
f 1341 1711 1376
f 1341 1253 1291
f 1429 1341 1291
f 1429 1835 1341
f 1711 1341 1835
f 1376 1488 1438
f 1488 1376 1711
f 1462 1259 1412
f 1492 1259 1490
f 1259 1462 1490
f 1272 1434 1273
f 1273 1437 1280
f 1437 1273 1434
f 1434 1272 1430
f 1280 1365 1290
f 1365 1280 1437
f 1246 1425 1248
f 1248 1291 1253
f 1425 1291 1248
f 1246 1445 1428
f 1425 1246 1428
f 1212 1239 1276
f 1241 1401 1239
f 1401 1276 1239
f 1371 1661 1564
f 1382 1371 1346
f 1502 1371 1382
f 1371 1502 1955
f 1661 1371 1955
f 1564 1559 1462
f 1661 1559 1564
f 1424 1290 1365
f 1244 1406 1241
f 1401 1241 1406
f 1244 1186 1250
f 1415 1244 1250
f 1406 1244 1410
f 1244 1415 1410
f 1777 1271 1834
f 1271 1424 1491
f 1491 1834 1271
f 1480 1276 1567
f 1276 1401 1567
f 2042 1480 1567
f 1480 2042 2139
f 1865 1480 2139
f 1250 1641 1415
f 1994 1491 1424
f 1702 1424 1365
f 1424 1702 1994
f 1310 1476 1309
f 1309 1382 1346
f 1476 1382 1309
f 1313 1475 1310
f 1476 1310 1475
f 1473 1313 1314
f 1314 1492 1473
f 1475 1313 1474
f 1313 1473 1474
f 1610 1438 1488
f 1470 1512 1650
f 1470 1683 1430
f 1683 1470 1650
f 1912 1512 1813
f 1512 1856 1650
f 1512 1961 1856
f 1512 1912 2120
f 1961 1512 2120
f 1813 1834 1923
f 2005 1813 1923
f 2005 1912 1813
f 1445 1769 1428
f 1445 2015 1906
f 1769 1445 1906
f 1490 2060 1492
f 1492 1799 1473
f 2060 1799 1492
f 1406 1705 1401
f 1705 1567 1401
f 1410 1710 1406
f 1705 1406 1710
f 1536 1410 1415
f 1415 1641 1536
f 1710 1410 1712
f 1536 1712 1410
f 1428 1761 1425
f 1291 1425 1429
f 1425 1752 1429
f 1752 1425 1761
f 1761 1428 1769
f 2115 1641 1762
f 1641 1716 1536
f 1641 2055 1716
f 2055 1641 2154
f 1641 2115 2154
f 1762 1877 2002
f 2002 2115 1762
f 1559 1490 1462
f 1559 2001 1490
f 2060 1490 2001
f 1430 1691 1434
f 1691 1430 1683
f 1834 1491 1923
f 1491 1994 2006
f 2006 1923 1491
f 1434 1695 1437
f 1695 1434 1691
f 1437 1702 1365
f 1702 1437 1695
f 1705 2042 1567
f 1835 1429 1752
f 1382 1476 1502
f 1475 1809 1476
f 1809 1502 1476
f 1474 1804 1475
f 1809 1475 1804
f 1473 1800 1474
f 1800 1473 1799
f 1804 1474 1800
f 1835 2087 1711
f 1711 1603 1488
f 1603 1711 2087
f 1835 1752 1934
f 2087 1835 2204
f 2070 1835 1934
f 2214 1835 2070
f 1835 2214 2204
f 1708 2015 1610
f 2015 2187 1906
f 2015 1708 2308
f 2187 2015 2308
f 1488 1708 1610
f 1587 1422 1478
f 1422 1587 1562
f 1611 1478 1422
f 1501 1612 1422
f 1422 1531 1501
f 1422 1562 1531
f 1994 1702 1971
f 1695 1971 1702
f 1955 1502 1827
f 1502 1809 1827
f 2257 1661 1955
f 2132 1955 1827
f 1955 2132 2257
f 1661 1644 1559
f 1644 1661 1775
f 2257 1775 1661
f 1708 1488 1603
f 1710 2056 1705
f 2042 1705 2056
f 1712 2059 1710
f 2056 1710 2059
f 1712 1536 1716
f 2055 1712 1716
f 1712 2055 2058
f 2059 1712 2058
f 1478 1640 1587
f 1478 1611 1709
f 1640 1478 1755
f 1709 2634 1478
f 1478 1858 1755
f 1858 1478 2634
f 1612 1501 1514
f 1545 1612 1514
f 1582 1612 1545
f 1608 1612 1582
f 1612 1608 1707
f 1869 1612 1707
f 2242 2006 1994
f 2033 1994 1971
f 2177 1994 2033
f 2177 2242 1994
f 1761 1934 1752
f 1769 2077 1761
f 1934 1761 2077
f 1769 1906 2080
f 2077 1769 2080
f 1683 2034 1691
f 1691 2035 1695
f 2035 1691 2034
f 1683 1650 1856
f 1856 2032 1683
f 2034 1683 2032
f 1971 1695 2035
f 2187 2080 1906
f 1643 1604 1558
f 1660 1643 1558
f 2001 1559 1644
f 1799 2066 1800
f 1800 2068 1804
f 2068 1800 2066
f 1799 2060 2057
f 2066 1799 2057
f 1804 2073 1809
f 2073 1804 2068
f 2073 1827 1809
f 2634 1709 2768
f 1709 1604 1807
f 2768 1709 1807
f 2634 1927 1858
f 2768 2795 2634
f 2795 1973 2634
f 2634 1954 1927
f 1954 2634 1973
f 1927 1857 1858
f 2246 2139 2042
f 2219 2042 2056
f 2042 2219 2246
f 2139 1978 1865
f 1865 2047 2002
f 2047 1865 1978
f 1978 2139 2369
f 2246 2369 2139
f 1708 1603 1806
f 1806 2556 1708
f 1708 2556 2308
f 1806 1603 1678
f 2087 1678 1603
f 1604 1643 2521
f 2522 1604 2521
f 1807 1604 1679
f 1604 2522 1679
f 2001 2281 2060
f 2057 2060 2126
f 2281 2191 2060
f 2060 2191 2126
f 2001 1644 2197
f 2281 2001 2197
f 1923 2006 2005
f 2006 2030 2005
f 2030 2006 2203
f 2006 2242 2203
f 1827 2073 2132
f 2032 1856 1961
f 1912 2335 2120
f 1912 2005 2030
f 2030 2023 1912
f 2023 2335 1912
f 1961 2120 2178
f 2178 2032 1961
f 2335 2178 2120
f 1643 1660 1774
f 1696 2521 1643
f 1774 1696 1643
f 1775 1697 1644
f 1697 2197 1644
f 1663 1707 1608
f 1707 1663 1788
f 1678 1847 1806
f 3110 1806 1847
f 2556 1806 2949
f 1806 3110 2949
f 1678 2087 2234
f 1847 1678 1713
f 2234 1713 1678
f 2204 2234 2087
f 2528 2522 2521
f 1696 2495 2521
f 2495 2876 2521
f 2846 2521 2876
f 2528 2521 2565
f 2521 2668 2565
f 2521 2748 2668
f 2521 2819 2748
f 2819 2521 2846
f 1679 1848 1807
f 2832 1807 1848
f 1807 2832 2768
f 2491 1679 2522
f 1848 1679 1714
f 1679 2491 1714
f 2522 2531 2491
f 2531 2522 2529
f 2522 2528 2529
f 1707 1980 1869
f 1884 1707 1788
f 1707 1884 2795
f 1980 1707 2795
f 2048 1869 1980
f 1869 2048 2004
f 1878 2071 1798
f 2029 1798 2071
f 2055 2154 2182
f 2182 2058 2055
f 2115 2359 2154
f 2115 2002 2047
f 2115 2047 2264
f 2359 2115 2264
f 2154 2210 2182
f 2359 2328 2154
f 2154 2328 2210
f 1831 1696 1774
f 3032 1831 1774
f 3032 1774 2965
f 2835 1774 2829
f 1774 2835 2878
f 2965 1774 2878
f 1831 1713 1696
f 1713 2414 1696
f 2495 1696 2414
f 1832 1697 1775
f 1775 2257 2430
f 1775 2679 1832
f 2679 1775 2430
f 2197 1697 2317
f 1832 1714 1697
f 1714 2317 1697
f 2427 2197 2317
f 2197 2427 2281
f 2257 2265 2430
f 2257 2132 2194
f 2265 2257 2194
f 2071 1878 2004
f 1713 1831 1847
f 3163 1847 1831
f 3110 1847 3182
f 1847 3163 3182
f 1713 2234 2345
f 2414 1713 2345
f 2234 2648 2345
f 2234 2204 2381
f 2648 2234 2381
f 1714 1832 1848
f 1832 2811 1848
f 1848 2811 2832
f 2407 1714 2491
f 2317 1714 2407
f 2534 2407 2491
f 2491 2531 2534
f 2181 2034 2032
f 2180 2035 2034
f 2034 2181 2180
f 2032 2178 2181
f 1971 2035 2033
f 2179 2033 2035
f 2035 2180 2179
f 1831 3032 3048
f 3163 1831 3048
f 2414 3014 2495
f 2345 2897 2414
f 3014 2414 2897
f 2973 2495 3014
f 2876 2495 2973
f 2811 1832 2679
f 2535 2317 2407
f 2317 2508 2427
f 2317 2535 2508
f 2059 2219 2056
f 1945 2795 1884
f 1883 1945 1884
f 1980 2795 2967
f 1980 2090 2048
f 2090 1980 2039
f 1980 2967 2039
f 2795 2768 2967
f 1968 2795 1945
f 1973 2795 1968
f 2334 2308 2556
f 2949 2485 2556
f 2334 2556 2485
f 2187 2308 2245
f 2308 2334 2245
f 2768 2832 2831
f 2831 2967 2768
f 2058 2218 2059
f 2219 2059 2218
f 2058 2182 2215
f 2218 2058 2215
f 2897 2345 2648
f 2407 2536 2535
f 2407 2534 2536
f 1934 2077 2070
f 1926 1857 1927
f 2080 2222 2077
f 2077 2214 2070
f 2214 2077 2222
f 2004 2111 2071
f 2848 2004 2048
f 2004 2848 2118
f 2111 2004 2118
f 2080 2187 2225
f 2222 2080 2225
f 2965 2996 3032
f 2869 3048 3032
f 2996 2869 3032
f 2776 2835 2829
f 2661 2829 2466
f 2829 2661 2779
f 2830 2776 2829
f 2829 2779 2830
f 2835 2827 2878
f 2827 2835 2776
f 2827 2965 2878
f 2996 2965 2827
f 2363 2679 2430
f 2679 2541 2811
f 2679 2363 2454
f 2541 2679 2454
f 2355 2430 2265
f 2430 2355 2363
f 1945 1883 1944
f 2021 2029 2071
f 2071 2044 2021
f 2044 2071 2111
f 2029 2021 1910
f 2126 2066 2057
f 2066 2198 2068
f 2126 2196 2066
f 2198 2066 2196
f 2068 2199 2073
f 2199 2068 2198
f 2199 2132 2073
f 2844 2949 3110
f 3182 3015 3110
f 2844 3110 2993
f 3110 3015 2993
f 2485 2949 2689
f 2689 2949 2741
f 2949 2844 2741
f 2811 2597 2832
f 2832 2597 2598
f 2598 2776 2832
f 2776 2831 2832
f 2132 2199 2194
f 2957 3163 3048
f 3163 3050 3182
f 3163 2957 3030
f 3050 3163 3030
f 3048 2869 2957
f 2597 2811 2541
f 2204 2214 2300
f 2222 2300 2214
f 2320 2204 2300
f 2415 2381 2204
f 2415 2204 2320
f 3015 3182 3037
f 3037 3182 3050
f 1954 1926 1927
f 1973 1926 1954
f 1926 1973 1972
f 1978 2089 2047
f 2089 2264 2047
f 2089 1978 2037
f 2727 2037 1978
f 2727 1978 2369
f 2849 2048 2090
f 2048 2849 2848
f 1944 1968 1945
f 1973 1944 1972
f 1944 1973 1968
f 2225 2187 2245
f 2044 3143 2021
f 2021 3143 3077
f 2021 3022 3018
f 3022 2021 3049
f 2021 3077 3049
f 2023 2030 2072
f 2203 2072 2030
f 2335 2023 2562
f 2072 2046 2023
f 2841 2023 2046
f 2023 2841 2562
f 2178 2335 2316
f 2416 2335 2562
f 2335 2416 2316
f 2178 2291 2181
f 2291 2178 2316
f 2033 2179 2177
f 2037 2118 2089
f 2118 2380 2089
f 2264 2089 2380
f 2037 2727 3068
f 2118 2037 2050
f 2037 3220 2050
f 3220 2037 3068
f 2400 2727 2369
f 2727 2925 3068
f 2727 2400 2659
f 2925 2727 2659
f 2369 2246 2373
f 2400 2369 2373
f 2039 2119 2090
f 2800 2090 2119
f 2090 2800 2849
f 3021 2039 2967
f 2119 2039 2052
f 2039 3021 2052
f 3021 2967 3020
f 2967 2831 3020
f 2242 2177 2282
f 2422 2203 2242
f 2242 2282 2295
f 2242 2455 2422
f 2455 2242 2295
f 2286 2177 2179
f 2177 2286 2282
f 2191 2281 2325
f 2281 2386 2325
f 2427 2386 2281
f 2118 2848 2806
f 2849 2859 2848
f 3145 2806 2848
f 2848 3098 3145
f 2848 2859 2862
f 2848 2862 2880
f 2848 2880 2971
f 3064 2848 2971
f 3079 2848 3064
f 3098 2848 3079
f 2050 2111 2118
f 2111 2050 2044
f 2380 2118 2526
f 2118 2710 2526
f 2118 2806 2710
f 2072 2203 2356
f 2203 2422 2356
f 3143 2044 3152
f 2050 3257 2044
f 2044 3257 3152
f 3143 3066 3077
f 3152 3114 3143
f 3066 3143 3114
f 3022 3009 3018
f 2620 3018 2816
f 2816 3018 2974
f 2974 3018 3019
f 3009 3019 3018
f 3002 3022 3049
f 3009 3022 3002
f 3066 3049 3077
f 3049 3066 3002
f 2046 2072 2112
f 2356 2112 2072
f 2046 3004 2841
f 2112 2052 2046
f 3004 2046 2052
f 2841 2590 2562
f 3004 2757 2841
f 2590 2841 2757
f 2416 2562 2524
f 2562 2590 2524
f 2291 2180 2181
f 2289 2179 2180
f 2179 2289 2286
f 2180 2291 2289
f 2050 3220 3272
f 3257 2050 3272
f 3070 3220 3068
f 3220 3221 3272
f 3220 3070 3170
f 3221 3220 3170
f 3068 2925 3044
f 3070 3068 3044
f 2052 2112 2119
f 2493 2119 2112
f 2119 2694 2800
f 2119 2493 2694
f 3004 2052 3021
f 2936 3004 3021
f 3020 3009 3021
f 2936 3021 2940
f 2933 3021 2929
f 3009 2929 3021
f 3021 2933 2935
f 3021 2935 2940
f 2341 2246 2219
f 2218 2341 2219
f 2341 2373 2246
f 3257 3168 3152
f 3251 3257 3272
f 3168 3257 3219
f 3257 3251 3219
f 3114 3152 3102
f 3152 3134 3102
f 3134 3152 3168
f 2112 2356 2493
f 2757 3004 2872
f 3004 2936 2872
f 2380 2359 2264
f 2863 2849 2800
f 2849 2863 2860
f 2859 2849 2860
f 3272 3221 3250
f 3251 3272 3250
f 2215 2182 2210
f 2196 2126 2191
f 2215 2338 2218
f 2341 2218 2338
f 2210 2333 2215
f 2338 2215 2333
f 2191 2340 2196
f 2340 2191 2325
f 2196 2346 2198
f 2198 2354 2199
f 2354 2198 2346
f 2346 2196 2340
f 2199 2265 2194
f 2354 2265 2199
f 2356 2716 2493
f 2716 2356 2422
f 2225 2326 2222
f 2300 2222 2326
f 2245 2336 2225
f 2326 2225 2336
f 2359 2380 2621
f 2526 2621 2380
f 2866 2800 2694
f 2800 2866 2865
f 2863 2800 2865
f 2493 2857 2694
f 2766 2493 2716
f 2857 2493 2796
f 2493 2766 2796
f 2328 2359 2437
f 2359 2638 2437
f 2621 2638 2359
f 2710 2970 2526
f 2621 2526 2970
f 2806 3214 2710
f 2970 2710 3147
f 2710 3214 3147
f 3214 2806 3211
f 2806 3145 3169
f 2806 3169 3211
f 2868 2694 2857
f 2694 2868 2866
f 2333 2210 2328
f 2328 2442 2333
f 2442 2328 2437
f 2286 2295 2282
f 2366 2286 2289
f 2295 2286 2365
f 2286 2366 2365
f 2316 2370 2291
f 2370 2289 2291
f 2370 2316 2416
f 2289 2370 2366
f 2336 2245 2334
f 2325 2390 2340
f 2340 2403 2346
f 2403 2340 2390
f 2390 2325 2386
f 2265 2354 2355
f 2346 2410 2354
f 2410 2346 2403
f 2386 2427 2445
f 2508 2445 2427
f 2354 2363 2355
f 2410 2363 2354
f 2422 2455 2501
f 2719 2716 2422
f 2719 2422 2501
f 2300 2326 2320
f 2381 2415 2560
f 2381 2782 2648
f 2782 2381 2560
f 2415 2320 2425
f 2326 2425 2320
f 2570 2415 2425
f 2415 2570 2560
f 2333 2449 2338
f 2449 2333 2442
f 2338 2453 2341
f 2453 2338 2449
f 2373 2341 2400
f 2453 2400 2341
f 2336 2429 2326
f 2425 2326 2429
f 2334 2434 2336
f 2429 2336 2434
f 2648 2985 2897
f 2648 2782 2839
f 2906 2648 2839
f 2985 2648 2906
f 2365 2455 2295
f 2455 2365 2464
f 2464 2501 2455
f 2434 2334 2485
f 2386 2461 2390
f 2461 2386 2445
f 2469 2365 2366
f 2477 2366 2370
f 2366 2477 2469
f 2365 2469 2464
f 2370 2416 2477
f 2524 2477 2416
f 2550 2508 2535
f 2553 2535 2536
f 2535 2553 2550
f 2519 2445 2508
f 2508 2550 2519
f 2429 2570 2425
f 2390 2470 2403
f 2470 2390 2461
f 2434 2589 2429
f 2570 2429 2589
f 2437 2653 2442
f 2442 2663 2449
f 2663 2442 2653
f 2653 2437 2638
f 2449 2671 2453
f 2671 2449 2663
f 2485 2601 2434
f 2589 2434 2601
f 2601 2485 2689
f 2453 2659 2400
f 2659 2453 2671
f 2403 2487 2410
f 2487 2403 2470
f 2897 3016 3014
f 3016 2897 2985
f 2363 2410 2454
f 2487 2454 2410
f 2816 2466 2620
f 2466 2816 2661
f 2716 2719 2742
f 2742 2766 2716
f 2638 2621 2822
f 2970 3036 2621
f 2621 3007 2822
f 3007 2621 3036
f 2638 2840 2653
f 2840 2638 2822
f 2487 2541 2454
f 2614 2464 2469
f 2625 2469 2477
f 2469 2625 2614
f 2501 2464 2604
f 2464 2614 2604
f 2524 2625 2477
f 2560 2570 2782
f 2589 2782 2570
f 2782 2589 2804
f 2804 2839 2782
f 2445 2519 2461
f 2461 2527 2470
f 2527 2461 2519
f 2470 2540 2487
f 2540 2470 2527
f 2854 2659 2671
f 2659 2854 2925
f 2541 2487 2540
f 2534 2553 2536
f 2531 2549 2534
f 2553 2534 2549
f 3014 2980 2973
f 2980 3014 3017
f 3016 3017 3014
f 2625 2524 2590
f 2604 2719 2501
f 2719 2604 2726
f 2726 2742 2719
f 2601 2804 2589
f 2741 2601 2689
f 2804 2601 2820
f 2601 2741 2820
f 2653 2847 2663
f 2847 2653 2840
f 2663 2854 2671
f 2854 2663 2847
f 2519 2574 2527
f 2574 2519 2550
f 2588 2541 2540
f 2541 2588 2597
f 2527 2588 2540
f 2588 2527 2574
f 2733 2604 2614
f 2744 2614 2625
f 2614 2744 2733
f 2604 2733 2726
f 2974 2661 2816
f 2661 2974 2779
f 2757 2625 2590
f 2625 2757 2744
f 2529 2546 2531
f 2549 2531 2546
f 2813 2857 2796
f 2857 2884 2868
f 2857 2813 2884
f 2766 2813 2796
f 2742 2813 2766
f 2973 2887 2876
f 2887 2846 2876
f 2887 2973 2980
f 2550 2576 2574
f 2576 2550 2553
f 2574 2591 2588
f 2591 2574 2576
f 2565 2551 2528
f 2528 2551 2529
f 2668 2610 2565
f 2551 2565 2610
f 2728 2668 2748
f 2610 2668 2682
f 2668 2728 2682
f 2819 2761 2748
f 2728 2748 2761
f 2846 2838 2819
f 2761 2819 2838
f 2838 2846 2867
f 2887 2867 2846
f 2529 2551 2552
f 2546 2529 2552
f 3036 2970 3104
f 3147 3177 2970
f 2970 3177 3104
f 2591 2597 2588
f 2551 2577 2552
f 2628 2577 2551
f 2610 2628 2551
f 2546 2552 2571
f 2571 2549 2546
f 2578 2571 2552
f 2552 2577 2578
f 2572 2553 2549
f 2549 2571 2572
f 2553 2572 2576
f 2597 2591 2598
f 2584 2572 2571
f 2571 2578 2584
f 2586 2576 2572
f 2572 2584 2586
f 2576 2586 2591
f 2577 2628 2643
f 2577 2592 2578
f 2643 2592 2577
f 2610 2698 2628
f 2698 2610 2682
f 2628 2704 2643
f 2704 2628 2698
f 2593 2584 2578
f 2578 2592 2593
f 2594 2586 2584
f 2584 2593 2594
f 2595 2591 2586
f 2586 2594 2595
f 2591 2595 2598
f 2592 2643 2652
f 2669 2593 2592
f 2652 2669 2592
f 2704 2652 2643
f 2669 2594 2593
f 2669 2595 2594
f 2595 2669 2598
f 2820 2953 2804
f 2953 2839 2804
f 2757 2842 2744
f 2842 2757 2872
f 2776 2598 2669
f 2669 2652 2764
f 2764 2776 2669
f 2652 2704 2711
f 2711 2764 2652
f 2776 2764 2827
f 2831 2776 2830
f 2820 2741 2844
f 2844 2963 2820
f 2953 2820 2963
f 2826 2726 2733
f 2842 2733 2744
f 2733 2842 2826
f 2813 2742 2726
f 2726 2826 2813
f 2682 2739 2698
f 2698 2747 2704
f 2747 2698 2739
f 2739 2682 2728
f 3023 2822 3007
f 2822 3023 2840
f 3046 3007 3036
f 3007 3046 3023
f 3121 3036 3104
f 3036 3121 3046
f 2747 2711 2704
f 2840 3027 2847
f 3027 2840 3023
f 2839 2953 2906
f 2985 2906 2992
f 2953 2992 2906
f 2985 3024 3016
f 3024 2985 2992
f 2752 2764 2711
f 2764 2752 2952
f 2996 2764 2952
f 2764 2996 2827
f 2711 2747 2752
f 2847 3031 2854
f 3031 2847 3027
f 3031 2925 2854
f 3031 3044 2925
f 3019 2779 2974
f 2779 3019 2830
f 2761 2739 2728
f 2778 2747 2739
f 2739 2761 2778
f 2868 2882 2866
f 2882 2865 2866
f 2882 2868 2884
f 2791 2752 2747
f 2747 2778 2791
f 3214 3212 3147
f 3213 3214 3211
f 3223 3212 3214
f 3214 3213 3223
f 3177 3147 3212
f 2752 2791 2797
f 2952 2752 2797
f 2910 2813 2826
f 2902 2826 2842
f 2826 2902 2910
f 2813 2910 2884
f 2838 2778 2761
f 2842 2872 2902
f 2852 2791 2778
f 2778 2838 2852
f 2963 2844 2993
f 2861 2797 2791
f 2791 2852 2861
f 2869 2952 2797
f 2869 2996 2952
f 2797 2861 2869
f 2936 2902 2872
f 2838 2877 2852
f 2877 2838 2867
f 2830 3020 2831
f 3019 3020 2830
f 2852 2898 2861
f 2898 2852 2877
f 3009 3020 3019
f 2898 2869 2861
f 2869 2898 2957
f 2865 2881 2863
f 2881 2860 2863
f 2865 2882 2881
f 2963 3010 2953
f 2992 2953 3010
f 3149 3169 3145
f 3109 3145 3098
f 3145 3109 3149
f 3179 3211 3169
f 3169 3149 3179
f 3211 3179 3213
f 2907 2884 2910
f 2910 2902 2926
f 2910 2924 2907
f 2924 2910 2926
f 2884 2907 2882
f 2993 3025 2963
f 3010 2963 3025
f 3023 3053 3027
f 3053 3023 3046
f 2902 2936 2926
f 2867 2919 2877
f 2867 2887 2919
f 2877 2948 2898
f 2948 2877 2919
f 3027 3055 3031
f 3055 3027 3053
f 3025 2993 3015
f 2980 2919 2887
f 3055 3044 3031
f 2859 2879 2862
f 2860 2891 2859
f 2859 2891 2890
f 2879 2859 2890
f 2862 2905 2880
f 2905 2862 2879
f 2880 2962 2971
f 2962 2880 2905
f 2971 3071 3064
f 3071 2971 2962
f 3071 3079 3064
f 3087 3098 3079
f 3079 3071 3087
f 3098 3087 3109
f 2860 2881 2891
f 2948 2957 2898
f 2891 2918 2890
f 2904 2891 2881
f 2891 2904 2918
f 2890 2903 2879
f 2903 2905 2879
f 2903 2890 2917
f 2890 2918 2917
f 2907 2881 2882
f 2881 2907 2904
f 2905 2903 2934
f 2934 2962 2905
f 3001 2948 2919
f 2919 2980 3001
f 3012 2957 2948
f 2957 3012 3030
f 2926 2936 2940
f 2948 3001 3012
f 2903 2917 2921
f 2921 2934 2903
f 2962 2934 2968
f 2968 3071 2962
f 2924 2904 2907
f 2904 2923 2918
f 2904 2924 2923
f 2980 3029 3001
f 3029 2980 3017
f 2918 2929 2917
f 2933 2918 2923
f 2918 2933 2929
f 2928 2921 2917
f 2917 2929 2928
f 3017 3016 3024
f 2926 2935 2924
f 2935 2926 2940
f 2934 2921 2954
f 2954 2968 2934
f 2921 2928 2932
f 2959 2921 2932
f 2921 2959 2954
f 2924 2933 2923
f 2933 2924 2935
f 3010 3024 2992
f 2929 3009 2928
f 2977 2932 2928
f 3002 2928 3009
f 2928 3002 2977
f 3001 3040 3012
f 3040 3001 3029
f 2932 2977 2959
f 2959 2978 2954
f 2977 2981 2959
f 2978 2959 2981
f 2968 2954 2978
f 3044 3055 3070
f 3002 3054 2977
f 2981 2977 3054
f 3054 3002 3066
f 2978 3075 2968
f 3071 2968 3075
f 3040 3030 3012
f 3025 3033 3010
f 3024 3010 3033
f 2981 3080 2978
f 3075 2978 3080
f 3030 3040 3050
f 3054 3082 2981
f 3080 2981 3082
f 3075 3087 3071
f 3037 3025 3015
f 3033 3025 3045
f 3037 3045 3025
f 3080 3093 3075
f 3087 3075 3093
f 3181 3104 3177
f 3104 3181 3121
f 3177 3215 3181
f 3215 3177 3212
f 3082 3054 3099
f 3114 3054 3066
f 3054 3114 3099
f 3082 3100 3080
f 3093 3080 3100
f 3017 3033 3029
f 3029 3045 3040
f 3045 3029 3033
f 3033 3017 3024
f 3099 3102 3082
f 3100 3082 3102
f 3045 3050 3040
f 3046 3136 3053
f 3136 3046 3121
f 3045 3037 3050
f 3053 3141 3055
f 3141 3053 3136
f 3141 3070 3055
f 3121 3193 3136
f 3193 3121 3181
f 3070 3141 3170
f 3136 3208 3141
f 3208 3136 3193
f 3208 3170 3141
f 3102 3099 3114
f 3208 3221 3170
f 3093 3109 3087
f 3100 3120 3093
f 3109 3093 3120
f 3102 3131 3100
f 3120 3100 3131
f 3131 3102 3134
f 3120 3149 3109
f 3131 3162 3120
f 3149 3120 3162
f 3134 3166 3131
f 3162 3131 3166
f 3166 3134 3168
f 3181 3222 3193
f 3222 3181 3215
f 3162 3179 3149
f 3192 3162 3166
f 3179 3162 3185
f 3162 3192 3185
f 3193 3232 3208
f 3232 3193 3222
f 3168 3192 3166
f 3192 3168 3219
f 3221 3208 3232
f 3212 3223 3215
f 3185 3213 3179
f 3192 3217 3185
f 3192 3219 3224
f 3217 3192 3224
f 3213 3185 3217
f 3251 3224 3219
f 3232 3250 3221
f 3215 3235 3222
f 3235 3215 3223
f 3217 3223 3213
f 3222 3248 3232
f 3248 3222 3235
f 3224 3235 3217
f 3223 3217 3235
f 3235 3224 3248
f 3224 3251 3248
f 3250 3232 3248
f 3250 3248 3251
f 291 293 292
f 301 293 291
f 296 291 292
f 296 322 291
f 1505 301 291
f 291 322 1505
f 298 292 293
f 293 301 302
f 293 303 298
f 303 293 302
f 292 300 296
f 292 298 297
f 300 292 297
f 322 296 323
f 318 296 300
f 296 318 323
f 1539 301 1505
f 301 327 302
f 327 301 392
f 1539 392 301
f 1505 322 1549
f 363 322 323
f 322 363 482
f 1549 322 482
f 1505 1540 1539
f 1550 1505 1549
f 1540 1505 1525
f 1525 1505 1506
f 1505 1538 1506
f 1505 1550 1538
f 319 297 298
f 324 298 303
f 298 324 319
f 297 326 300
f 300 334 318
f 334 300 326
f 297 319 321
f 326 297 321
f 302 320 303
f 303 333 324
f 333 303 320
f 320 302 327
f 337 323 318
f 375 318 334
f 318 375 337
f 323 337 363
f 319 336 321
f 336 319 324
f 387 326 321
f 326 412 334
f 326 387 412
f 336 387 321
f 333 336 324
f 334 441 375
f 441 334 412
f 392 347 327
f 328 320 327
f 347 328 327
f 1601 392 1539
f 347 392 393
f 392 429 393
f 392 526 429
f 526 392 606
f 392 783 606
f 783 392 782
f 1601 782 392
f 1539 1602 1601
f 1585 1539 1540
f 1602 1539 1585
f 335 333 320
f 320 328 329
f 330 320 329
f 320 330 331
f 320 331 332
f 320 332 335
f 336 333 376
f 333 335 342
f 333 342 348
f 376 333 348
f 397 337 375
f 337 377 363
f 377 337 378
f 337 397 381
f 378 337 381
f 442 375 441
f 397 375 403
f 375 442 403
f 387 336 383
f 385 336 376
f 336 385 383
f 347 329 328
f 329 347 330
f 347 331 330
f 347 332 331
f 347 335 332
f 335 347 342
f 387 549 412
f 506 387 383
f 387 506 521
f 549 387 521
f 402 482 363
f 377 402 363
f 1549 482 1619
f 482 402 483
f 496 482 483
f 523 482 496
f 776 482 523
f 989 482 776
f 482 989 988
f 1619 482 988
f 1620 1549 1619
f 1549 1598 1550
f 1549 1620 1598
f 495 441 412
f 590 412 549
f 412 590 495
f 347 343 342
f 346 343 347
f 347 349 346
f 349 347 350
f 350 347 353
f 353 347 352
f 393 352 347
f 343 348 342
f 348 379 376
f 376 386 385
f 386 376 379
f 348 343 344
f 348 344 345
f 346 348 345
f 346 351 348
f 379 348 351
f 441 458 442
f 441 495 470
f 458 441 470
f 383 385 391
f 386 391 385
f 440 383 391
f 440 506 383
f 378 402 377
f 397 402 381
f 398 402 397
f 403 399 397
f 399 398 397
f 381 402 378
f 344 343 345
f 346 345 343
f 351 346 349
f 350 351 349
f 353 351 350
f 351 353 356
f 351 382 379
f 382 351 356
f 354 353 352
f 356 353 355
f 353 354 357
f 357 355 353
f 352 393 432
f 432 354 352
f 432 393 429
f 389 379 382
f 379 389 386
f 356 384 382
f 358 356 355
f 356 358 361
f 384 356 361
f 390 382 384
f 382 390 389
f 432 357 354
f 357 432 435
f 530 435 432
f 526 432 429
f 432 526 530
f 355 357 358
f 359 358 357
f 435 359 357
f 361 358 360
f 358 359 360
f 1448 384 361
f 1448 361 360
f 1440 384 1448
f 384 1440 390
f 435 362 359
f 362 360 359
f 362 435 438
f 534 438 435
f 435 530 534
f 374 360 362
f 585 1448 360
f 585 360 374
f 438 374 362
f 1448 585 1479
f 1525 1440 1448
f 1585 1448 1479
f 1448 1540 1525
f 1448 1585 1540
f 443 585 374
f 374 438 443
f 585 443 546
f 546 1056 585
f 1056 1479 585
f 540 443 438
f 438 534 540
f 402 398 401
f 402 401 408
f 499 402 408
f 483 402 499
f 443 540 546
f 446 403 442
f 399 403 400
f 403 401 400
f 409 401 403
f 403 446 409
f 442 462 446
f 462 442 458
f 452 386 389
f 444 391 386
f 386 452 444
f 456 389 390
f 389 456 452
f 1440 456 390
f 391 444 440
f 506 440 505
f 506 685 521
f 564 506 505
f 506 564 685
f 507 440 444
f 440 507 505
f 1454 456 1440
f 1440 1552 1454
f 1440 1525 1504
f 1552 1440 1537
f 1537 1440 1504
f 511 444 452
f 520 452 456
f 452 520 511
f 444 511 507
f 685 549 521
f 737 590 549
f 549 685 737
f 456 1454 520
f 606 530 526
f 783 608 606
f 530 606 608
f 782 886 783
f 608 783 891
f 891 783 886
f 1687 782 1601
f 886 782 1110
f 1110 782 1169
f 782 1224 1169
f 1224 782 1223
f 1687 1223 782
f 1601 1688 1687
f 1668 1601 1602
f 1688 1601 1668
f 400 398 399
f 398 400 401
f 404 408 401
f 401 409 404
f 408 404 407
f 410 499 408
f 407 410 408
f 409 407 404
f 446 420 409
f 409 411 407
f 411 409 420
f 483 499 496
f 499 410 414
f 421 499 414
f 499 421 502
f 529 499 502
f 499 523 496
f 523 499 524
f 499 529 524
f 420 446 454
f 462 454 446
f 410 407 411
f 411 414 410
f 411 420 417
f 414 411 421
f 417 421 411
f 420 423 417
f 423 420 428
f 420 459 428
f 459 420 454
f 421 417 423
f 423 425 421
f 425 502 421
f 495 590 601
f 497 470 495
f 495 602 497
f 602 495 601
f 590 717 601
f 590 737 770
f 717 590 770
f 423 428 426
f 425 423 426
f 459 1645 428
f 428 1645 426
f 454 471 459
f 459 1633 1645
f 1633 459 471
f 454 462 467
f 471 454 467
f 430 502 425
f 426 430 425
f 502 430 508
f 535 502 508
f 502 535 529
f 426 436 430
f 1698 426 1645
f 426 950 436
f 950 426 1698
f 436 508 430
f 1645 1598 1698
f 1633 1538 1645
f 1550 1645 1538
f 1598 1645 1550
f 436 950 1135
f 508 436 512
f 1135 512 436
f 1698 1187 950
f 1187 1135 950
f 1187 1698 1810
f 1698 1684 1810
f 1620 1698 1598
f 1684 1698 1620
f 541 508 512
f 508 541 535
f 608 534 530
f 614 540 534
f 534 608 614
f 1135 541 512
f 1135 797 541
f 797 1135 1047
f 1135 1203 1047
f 1135 1187 1444
f 1203 1135 1444
f 540 639 546
f 540 614 621
f 639 540 621
f 507 564 505
f 511 568 507
f 564 507 568
f 470 462 458
f 470 497 462
f 497 467 462
f 1056 546 639
f 520 576 511
f 568 511 576
f 520 1454 587
f 576 520 587
f 467 510 471
f 510 1633 471
f 467 497 503
f 510 467 503
f 1454 759 587
f 1511 759 1454
f 1454 1621 1511
f 1599 1454 1552
f 1621 1454 1599
f 510 1665 1633
f 1568 1633 1665
f 1633 1548 1510
f 1538 1633 1510
f 1633 1568 1548
f 497 607 503
f 607 497 602
f 503 619 510
f 1665 510 619
f 619 503 607
f 524 776 523
f 780 989 776
f 776 524 780
f 1036 988 989
f 989 780 1038
f 989 1038 1036
f 1619 988 1718
f 1195 988 1036
f 1405 988 1195
f 988 1405 1404
f 1718 988 1404
f 1719 1619 1718
f 1619 1684 1620
f 1619 1719 1684
f 717 602 601
f 720 607 602
f 602 717 720
f 731 619 607
f 607 720 731
f 785 524 529
f 793 529 535
f 529 793 785
f 524 785 780
f 541 793 535
f 1665 619 738
f 619 731 738
f 685 564 743
f 745 564 568
f 564 745 743
f 685 1046 737
f 743 1018 685
f 1046 685 1018
f 752 568 576
f 568 752 745
f 793 541 797
f 878 1665 738
f 878 1764 1665
f 1649 1665 1764
f 1665 1615 1568
f 1665 1649 1615
f 759 576 587
f 576 759 752
f 1041 780 785
f 1044 785 793
f 785 1044 1041
f 780 1041 1038
f 797 1044 793
f 891 614 608
f 900 621 614
f 614 891 900
f 907 639 621
f 1056 639 1006
f 639 907 911
f 639 911 1006
f 621 900 907
f 1044 797 1047
f 1125 1479 1056
f 1006 1125 1056
f 737 1074 770
f 1074 737 1046
f 745 962 743
f 972 745 752
f 962 745 964
f 745 972 964
f 1018 743 962
f 759 972 752
f 972 759 977
f 759 1511 977
f 1125 1572 1479
f 1668 1479 1572
f 1479 1602 1585
f 1479 1668 1602
f 717 770 848
f 717 852 720
f 852 717 848
f 1074 848 770
f 852 731 720
f 731 878 738
f 731 852 864
f 878 731 864
f 1113 900 891
f 1110 891 886
f 891 1110 1113
f 1118 907 900
f 900 1113 1118
f 1121 911 907
f 907 1118 1121
f 1127 1006 911
f 911 1121 1127
f 1006 1127 1264
f 1264 1125 1006
f 1018 1269 1046
f 1046 1287 1074
f 1287 1046 1269
f 1099 1018 962
f 1099 1245 1018
f 1269 1018 1245
f 1058 852 848
f 1063 864 852
f 852 1058 1063
f 848 1074 1058
f 1068 878 864
f 878 1068 1072
f 1764 878 1072
f 864 1063 1068
f 1074 1180 1058
f 1287 1180 1074
f 1101 962 964
f 962 1101 1099
f 1104 964 972
f 1107 972 977
f 972 1107 1104
f 964 1104 1101
f 977 1511 1107
f 1511 1235 1107
f 1235 1511 1307
f 1616 1307 1511
f 1511 1721 1616
f 1689 1511 1621
f 1721 1511 1689
f 1200 1038 1041
f 1201 1041 1044
f 1041 1201 1200
f 1038 1195 1036
f 1195 1038 1198
f 1038 1200 1198
f 1169 1113 1110
f 1224 1173 1169
f 1113 1169 1173
f 1223 1349 1224
f 1224 1353 1173
f 1353 1224 1349
f 1687 2085 1223
f 1349 1223 1790
f 1790 1223 1956
f 2084 1223 2085
f 1223 2084 1956
f 1818 2085 1687
f 1688 1818 1687
f 1047 1201 1044
f 1201 1047 1203
f 1058 1181 1063
f 1181 1058 1180
f 1181 1068 1063
f 1068 1183 1072
f 1068 1181 1182
f 1183 1068 1182
f 1764 1072 1183
f 1342 1764 1183
f 1764 1342 1423
f 1423 1866 1764
f 1767 1764 1866
f 1764 1720 1649
f 1764 1767 1720
f 1173 1118 1113
f 1175 1121 1118
f 1118 1173 1175
f 1121 1179 1127
f 1121 1175 1177
f 1179 1121 1177
f 1264 1127 1179
f 1791 1444 1187
f 1810 1791 1187
f 1101 1211 1099
f 1234 1101 1104
f 1211 1101 1231
f 1101 1234 1231
f 1245 1099 1211
f 1235 1104 1107
f 1104 1235 1234
f 1198 1405 1195
f 1452 1404 1405
f 1405 1198 1455
f 1405 1455 1452
f 1718 1404 2241
f 2016 1404 1452
f 1404 2016 2096
f 1404 2240 2241
f 2240 1404 2096
f 1718 2241 1838
f 1718 1817 1719
f 1838 1817 1718
f 1125 1264 1324
f 1572 1125 1324
f 1363 1264 1179
f 1853 1324 1264
f 1363 1853 1264
f 1245 1551 1269
f 1269 1849 1287
f 1269 1551 1571
f 1849 1269 1768
f 1269 1571 1623
f 1682 1269 1623
f 1717 1269 1682
f 1269 1717 1768
f 1211 1541 1245
f 1245 1541 1526
f 1551 1245 1530
f 1245 1526 1503
f 1530 1245 1503
f 1463 1198 1200
f 1466 1200 1201
f 1200 1466 1463
f 1198 1463 1455
f 1203 1466 1201
f 1180 1287 1332
f 1287 1416 1332
f 1849 1416 1287
f 1203 1444 1468
f 1466 1203 1468
f 1180 1335 1181
f 1335 1182 1181
f 1335 1180 1332
f 1182 1342 1183
f 1182 1335 1337
f 1342 1182 1337
f 1211 1231 1230
f 1230 1613 1211
f 1600 1211 1613
f 1541 1211 1566
f 1211 1600 1566
f 1300 1231 1234
f 1235 1300 1234
f 1231 1298 1230
f 1298 1231 1299
f 1231 1300 1299
f 1300 1235 1307
f 1353 1175 1173
f 1357 1177 1175
f 1175 1353 1357
f 1362 1179 1177
f 1179 1362 1363
f 1177 1357 1362
f 1324 1672 1572
f 1324 1853 2093
f 1672 1324 2093
f 1672 1688 1572
f 1572 1688 1668
f 1444 1791 2121
f 2121 1468 1444
f 1796 1357 1353
f 1790 1353 1349
f 1353 1790 1796
f 1801 1362 1357
f 1357 1796 1801
f 1362 1808 1363
f 1362 1801 1803
f 1808 1362 1803
f 1853 1363 1808
f 1416 1335 1332
f 1417 1337 1335
f 1335 1416 1417
f 1421 1342 1337
f 1342 1421 1423
f 1337 1417 1421
f 1791 1810 1909
f 2190 2121 1791
f 1791 1909 2190
f 1719 1810 1684
f 1719 1909 1810
f 2024 1455 1463
f 2025 1463 1466
f 1463 2025 2024
f 1455 2016 1452
f 2016 1455 2018
f 1455 2024 2018
f 2026 1466 1468
f 1466 2026 2025
f 1468 2121 2026
f 1298 1613 1230
f 1689 1600 1613
f 1613 1298 1685
f 1689 1613 1685
f 1599 1541 1566
f 1537 1526 1541
f 1541 1552 1537
f 1541 1599 1552
f 1599 1566 1600
f 1600 1621 1599
f 1600 1689 1621
f 1956 1796 1790
f 2085 2226 2084
f 1818 2512 2085
f 2511 2085 2512
f 2085 2389 2226
f 2085 2511 2389
f 2084 1967 1956
f 1796 1956 1967
f 2084 2228 1967
f 2228 2084 2226
f 1622 1298 1299
f 1298 1622 1625
f 1677 1685 1298
f 1642 1298 1625
f 1677 1298 1642
f 1618 1299 1300
f 1617 1300 1307
f 1300 1617 1618
f 1299 1618 1622
f 1307 1616 1617
f 1530 1548 1551
f 1551 1615 1571
f 1568 1551 1548
f 1615 1551 1568
f 1537 1503 1526
f 1503 1548 1530
f 1503 1537 1504
f 1503 1504 1506
f 1510 1503 1506
f 1548 1503 1510
f 2262 2093 1853
f 1995 1853 1808
f 1995 2262 1853
f 1830 1849 1768
f 1416 1849 1862
f 1849 2008 1862
f 1849 1830 2008
f 1571 1615 1623
f 1623 1720 1682
f 1649 1623 1615
f 1720 1623 1649
f 1682 1720 1717
f 1717 1767 1768
f 1767 1717 1720
f 1768 1767 1830
f 1416 1863 1417
f 1863 1416 1862
f 1622 1758 1625
f 1618 1753 1622
f 1758 1622 1753
f 1685 1677 1722
f 1685 1721 1689
f 1721 1685 1722
f 1758 1642 1625
f 2171 1677 1642
f 1758 2171 1642
f 1677 2171 2192
f 1677 1821 1722
f 1821 1677 2192
f 1617 1751 1618
f 1753 1618 1751
f 1616 1750 1617
f 1751 1617 1750
f 1721 1723 1616
f 1616 2131 1750
f 2131 1616 1723
f 1672 2093 2311
f 1688 1672 1792
f 1785 1792 1672
f 1672 2607 1785
f 2607 1672 2520
f 2451 1672 2311
f 1672 2451 2463
f 2520 1672 2463
f 2093 2262 2311
f 1417 1864 1421
f 1864 1417 1863
f 1421 1867 1423
f 1867 1421 1864
f 1866 1423 1867
f 1967 1801 1796
f 1975 1803 1801
f 1801 1967 1975
f 1987 1808 1803
f 1808 1987 1995
f 1803 1975 1987
f 2018 2096 2016
f 2301 2241 2240
f 1838 2241 2750
f 2241 2749 2750
f 2241 2301 2474
f 2561 2241 2474
f 2749 2241 2561
f 2102 2240 2096
f 2096 2018 2102
f 2240 2102 2303
f 2240 2303 2301
f 2008 1863 1862
f 2012 1864 1863
f 1863 2008 2012
f 2013 1867 1864
f 1864 2012 2013
f 2009 1866 1867
f 1867 2013 2009
f 1979 1767 1866
f 1866 2207 1979
f 2207 1866 2009
f 1504 1525 1506
f 2026 2121 2108
f 2121 2190 2371
f 2121 2305 2108
f 2305 2121 2371
f 2103 2018 2024
f 2106 2024 2025
f 2024 2106 2103
f 2018 2103 2102
f 2026 2106 2025
f 2106 2026 2108
f 1538 1510 1506
f 1723 1721 1820
f 1721 1722 1821
f 1721 1821 1820
f 1818 1688 1792
f 2131 1751 1750
f 1723 2263 2131
f 1723 1820 1842
f 1842 1822 1723
f 1822 2559 1723
f 1723 2559 2393
f 2263 1723 2393
f 1751 2131 2135
f 2269 2131 2263
f 2131 2269 2135
f 2135 1753 1751
f 2140 1758 1753
f 1753 2135 2140
f 1909 1719 1817
f 2171 1758 2142
f 1758 2140 2142
f 2171 2426 2192
f 2277 2171 2142
f 2277 2398 2171
f 2426 2171 2398
f 1792 1785 1819
f 1818 1792 1819
f 2765 1785 2607
f 1819 1785 1885
f 1843 1885 1785
f 2765 1843 1785
f 2530 2607 2520
f 2619 2765 2607
f 2607 2530 2619
f 2311 2472 2451
f 2538 2311 2262
f 2311 2538 2770
f 2472 2311 2518
f 2311 2656 2518
f 2311 2734 2656
f 2734 2311 2770
f 2462 2463 2451
f 2490 2451 2472
f 2451 2490 2462
f 2471 2520 2463
f 2463 2462 2471
f 2520 2471 2530
f 2192 1851 1821
f 1851 1820 1821
f 1851 2192 1896
f 2192 1948 1896
f 1948 2192 2206
f 2192 2450 2206
f 2450 2192 2426
f 1819 1900 1818
f 1900 2512 1818
f 1830 1767 1841
f 1841 1767 1840
f 1767 1979 1840
f 1817 1838 1839
f 1817 2020 1909
f 2020 1817 1839
f 1838 1899 1839
f 1918 1899 1838
f 1838 2750 1918
f 1909 2611 2190
f 2758 1909 2020
f 1909 2758 2697
f 2611 1909 2697
f 1820 1896 1842
f 1896 1820 1851
f 1822 1842 1902
f 1842 1896 1902
f 2559 1822 2788
f 1822 1902 1921
f 1921 1855 1822
f 3069 1822 1855
f 1822 3069 2972
f 1822 2972 2788
f 2559 2399 2393
f 2788 2575 2559
f 2399 2559 2575
f 2399 2263 2393
f 2263 2399 2269
f 2269 2140 2135
f 2140 2277 2142
f 2140 2269 2275
f 2277 2140 2275
f 1841 2213 1830
f 2008 1830 2213
f 1840 1886 1841
f 2213 1841 2239
f 2239 1841 1886
f 1840 1979 1871
f 1840 1920 1886
f 1920 1840 1871
f 2038 1871 1979
f 2343 1979 2207
f 2723 2038 1979
f 2723 1979 2505
f 1979 2343 2505
f 1900 1819 1885
f 1885 1843 1901
f 1900 1885 1901
f 1843 2765 2983
f 1855 1949 1843
f 1843 3113 1855
f 1901 1843 1949
f 3113 1843 3065
f 1843 2983 3065
f 2781 2983 2765
f 2765 2619 2781
f 2190 2611 2596
f 2532 2371 2190
f 2190 2695 2532
f 2695 2190 2630
f 2630 2190 2596
f 2228 1975 1967
f 2229 1987 1975
f 1975 2228 2229
f 1987 2231 1995
f 1987 2229 2230
f 2231 1987 2230
f 2262 1995 2231
f 2020 1839 1899
f 1899 2043 2020
f 2043 2964 2020
f 2020 2964 2758
f 1900 3135 2512
f 1901 1964 1900
f 1964 3306 1900
f 1900 3306 3135
f 3133 2512 3135
f 2512 2683 2511
f 2683 2512 2988
f 2512 3133 2988
f 1948 1902 1896
f 1902 1963 1921
f 1963 1902 1948
f 1855 1921 1966
f 1921 1963 1966
f 3069 1855 3111
f 1949 1855 1965
f 1855 3113 3139
f 1855 1966 1982
f 1982 1965 1855
f 1855 3139 3111
f 3073 2972 3069
f 3130 3069 3111
f 3069 3130 3073
f 2972 2801 2788
f 2575 2788 2801
f 2801 2972 2982
f 2972 3073 2982
f 2212 2008 2213
f 2239 2212 2213
f 2008 2212 2012
f 1899 1918 1924
f 2043 1899 1924
f 1918 2750 3254
f 1918 1962 1924
f 1976 1962 1918
f 1918 3345 1976
f 1918 3254 3345
f 3189 3254 2750
f 2889 2750 2749
f 2750 2889 3116
f 3189 2750 3116
f 1920 2239 1886
f 1920 1871 1919
f 2239 1920 1928
f 1919 1928 1920
f 1871 2038 1919
f 1928 2206 2239
f 2206 2348 2239
f 2239 2347 2212
f 2347 2239 2348
f 1964 1901 1949
f 1964 1949 1965
f 3065 3132 3113
f 3113 3148 3139
f 3148 3113 3132
f 2997 3065 2983
f 2983 2781 2997
f 3065 2997 3072
f 3132 3065 3072
f 2394 2262 2231
f 2394 2538 2262
f 1966 1984 1982
f 1984 1966 1963
f 1965 1982 1989
f 1965 1976 1964
f 1976 1965 1977
f 1977 1965 1989
f 1988 1982 1984
f 1982 1988 1989
f 3139 3130 3111
f 3130 3139 3148
f 2212 2013 2012
f 2013 2207 2009
f 2207 2013 2208
f 2013 2212 2208
f 2207 2344 2343
f 2344 2207 2208
f 1919 2038 1929
f 1919 1974 1928
f 1974 1919 1929
f 2051 1929 2038
f 2038 3178 2051
f 2038 2723 2975
f 3178 2038 3078
f 3078 2038 2975
f 2206 1963 1948
f 2043 1924 1962
f 1962 2051 2043
f 3218 2043 2051
f 2964 2043 3086
f 2043 3218 3172
f 3086 2043 3172
f 1964 3385 3306
f 1976 3385 1964
f 3306 3288 3135
f 3385 3350 3306
f 3288 3306 3300
f 3300 3306 3305
f 3306 3350 3305
f 3135 3174 3133
f 3174 3135 3288
f 1963 2206 1984
f 2758 2702 2697
f 2964 2769 2758
f 2702 2758 2769
f 2697 2627 2611
f 2611 2608 2596
f 2608 2611 2627
f 2627 2697 2702
f 1962 1976 1977
f 2051 1962 1977
f 1976 3345 3385
f 3312 3345 3254
f 3345 3390 3385
f 3345 3312 3338
f 3345 3338 3344
f 3358 3345 3344
f 3390 3345 3358
f 3254 3189 3253
f 3295 3254 3253
f 3312 3254 3295
f 2206 1928 1974
f 1974 1929 1983
f 2206 1974 1984
f 1983 1984 1974
f 1929 2051 1983
f 2450 2348 2206
f 1983 2051 1988
f 1984 1983 1988
f 1977 1988 2051
f 2051 3178 3216
f 3218 2051 3245
f 3245 2051 3216
f 1988 1977 1989
f 3350 3385 3367
f 3392 3385 3390
f 3367 3385 3384
f 3385 3386 3384
f 3386 3385 3392
f 2392 2229 2228
f 2389 2228 2226
f 2228 2389 2392
f 2395 2230 2229
f 2229 2392 2395
f 2509 2723 2505
f 2730 2975 2723
f 2723 2509 2730
f 2343 2509 2505
f 2509 2343 2344
f 2230 2394 2231
f 2230 2395 2396
f 2394 2230 2396
f 2347 2208 2212
f 2208 2347 2344
f 2304 2102 2103
f 2306 2103 2106
f 2103 2306 2304
f 2102 2304 2303
f 3086 2969 2964
f 2769 2964 2969
f 2305 2106 2108
f 2106 2305 2306
f 3078 3184 3178
f 3178 3230 3216
f 3230 3178 3184
f 2986 3078 2975
f 2975 2730 2986
f 3078 2986 3085
f 3184 3078 3085
f 3234 3172 3218
f 3252 3218 3245
f 3218 3252 3234
f 3172 3092 3086
f 2969 3086 3092
f 3092 3172 3180
f 3172 3234 3180
f 3230 3245 3216
f 3245 3230 3252
f 2511 2392 2389
f 2511 2686 2392
f 2686 2511 2683
f 2482 2303 2304
f 2484 2304 2306
f 2304 2484 2482
f 2303 2474 2301
f 2474 2303 2478
f 2303 2482 2478
f 2479 2306 2305
f 2306 2479 2484
f 2371 2479 2305
f 2532 2789 2371
f 2479 2371 2563
f 2371 2885 2563
f 2885 2371 2789
f 2399 2275 2269
f 2275 2409 2277
f 2398 2277 2409
f 2275 2399 2405
f 2409 2275 2405
f 2398 2440 2426
f 2426 2481 2450
f 2481 2426 2440
f 2409 2423 2398
f 2440 2398 2423
f 2803 2532 2695
f 2789 2532 2790
f 2532 2803 2790
f 2630 2699 2695
f 2695 2817 2803
f 2817 2695 2699
f 2596 2651 2630
f 2651 2596 2608
f 2699 2630 2651
f 2348 2450 2515
f 2481 2515 2450
f 2515 2347 2348
f 2514 2344 2347
f 2344 2514 2509
f 2347 2515 2514
f 2686 2395 2392
f 2688 2396 2395
f 2395 2686 2688
f 2396 2685 2394
f 2538 2394 2685
f 2685 2396 2687
f 2396 2688 2687
f 2478 2561 2474
f 2564 2749 2561
f 2561 2478 2564
f 2749 2564 2894
f 2749 2894 2889
f 2538 2805 2770
f 2685 2987 2538
f 2987 2815 2538
f 2538 2815 2805
f 2575 2405 2399
f 2581 2409 2405
f 2587 2423 2409
f 2409 2581 2587
f 2405 2575 2581
f 2567 2478 2482
f 2566 2482 2484
f 2482 2566 2567
f 2478 2567 2564
f 2479 2566 2484
f 2566 2479 2563
f 2525 2472 2518
f 2472 2525 2490
f 2672 2518 2656
f 2518 2672 2525
f 2740 2656 2734
f 2740 2672 2656
f 2770 2740 2734
f 2740 2770 2805
f 2735 2509 2514
f 2509 2735 2730
f 2515 2735 2514
f 2481 2737 2515
f 2735 2515 2737
f 2885 2566 2563
f 2789 3112 2885
f 2966 2789 2790
f 2998 2789 2966
f 2789 3186 3112
f 2789 2998 3292
f 3186 2789 3292
f 2566 2885 2892
f 3112 2892 2885
f 2990 2688 2686
f 2988 2686 2683
f 2686 2988 2990
f 2687 2987 2685
f 2991 2687 2688
f 2688 2990 2991
f 2987 2687 2989
f 2687 2991 2989
f 2423 2833 2440
f 2423 2587 2783
f 2833 2423 2783
f 2886 2440 2833
f 2440 2886 2481
f 2801 2581 2575
f 2812 2587 2581
f 2581 2801 2812
f 2783 2587 2818
f 2587 2812 2818
f 2783 3083 2833
f 2833 3119 2886
f 3119 2833 3083
f 3000 2783 2818
f 2783 3000 3057
f 3083 2783 3057
f 2737 2481 2886
f 2737 2886 2950
f 2886 2999 2950
f 3091 2886 3119
f 2886 3091 2999
f 2490 2468 2462
f 2462 2488 2471
f 2488 2462 2468
f 2468 2490 2498
f 2525 2498 2490
f 2539 2471 2488
f 2471 2539 2530
f 2475 2488 2468
f 2488 2475 2492
f 2488 2533 2539
f 2533 2488 2492
f 2468 2500 2475
f 2500 2468 2498
f 2500 2573 2475
f 2573 2492 2475
f 2498 2542 2500
f 2573 2500 2631
f 2542 2631 2500
f 2498 2525 2537
f 2542 2498 2537
f 2635 2530 2539
f 2539 2533 2545
f 2545 2635 2539
f 2530 2635 2619
f 2672 2537 2525
f 2492 2573 2623
f 2492 2623 2533
f 2636 2623 2573
f 2631 2636 2573
f 2896 2564 2567
f 2892 2567 2566
f 2567 2892 2896
f 2564 2896 2894
f 2950 2735 2737
f 2623 2823 2533
f 2823 2545 2533
f 2823 2623 2873
f 2623 2636 2690
f 2690 2873 2623
f 2537 2684 2542
f 2542 2729 2631
f 2729 2542 2684
f 2537 2672 2677
f 2684 2537 2677
f 2792 2631 2729
f 2636 2631 2792
f 2995 2730 2735
f 2735 2950 2995
f 2730 2995 2986
f 3133 2990 2988
f 2990 3133 3176
f 3176 3133 3174
f 2746 2677 2672
f 2672 2740 2745
f 2746 2672 2745
f 2635 2781 2619
f 2635 2545 2641
f 2641 2794 2635
f 2781 2635 2794
f 2916 2790 2803
f 2817 2930 2803
f 2803 2930 2916
f 2790 2916 2966
f 2823 2641 2545
f 2641 2823 2798
f 3090 2823 2873
f 2823 3011 2798
f 3011 2823 3067
f 2823 3090 3067
f 2753 2684 2677
f 2684 2895 2729
f 2684 2753 2756
f 2895 2684 2756
f 2677 2746 2751
f 2753 2677 2751
f 2815 2987 2850
f 2989 3171 2987
f 2850 2987 2899
f 2899 2987 2927
f 2927 2987 2937
f 3171 2937 2987
f 2745 2805 2815
f 2805 2745 2740
f 2821 2745 2815
f 2815 2850 2821
f 2895 2792 2729
f 2794 2641 2798
f 3117 2894 2896
f 3115 2896 2892
f 2896 3115 3117
f 2894 3116 2889
f 3116 2894 3118
f 2894 3117 3118
f 2892 3112 3115
f 2636 2705 2690
f 2705 2636 2662
f 2636 2712 2662
f 2712 2636 2792
f 2982 2812 2801
f 2994 2818 2812
f 2812 2982 2994
f 2818 2994 3000
f 2608 2658 2651
f 2627 2617 2608
f 2658 2608 2617
f 2707 2651 2658
f 2651 2707 2699
f 2617 2627 2637
f 2702 2637 2627
f 2617 2667 2658
f 2637 2626 2617
f 2667 2617 2626
f 2715 2658 2667
f 2658 2715 2707
f 2626 2637 2650
f 2637 2700 2650
f 2637 2702 2713
f 2700 2637 2713
f 2662 2667 2626
f 2650 2662 2626
f 2667 2662 2712
f 2712 2715 2667
f 2794 2997 2781
f 2873 2690 2958
f 2705 2958 2690
f 3138 2873 2958
f 2873 3138 3090
f 2662 2650 2705
f 2705 2650 2700
f 2769 2713 2702
f 2824 2699 2707
f 2699 2824 2817
f 2712 2792 2807
f 3056 2792 2895
f 2792 2984 2807
f 2792 3088 2984
f 2792 3056 3094
f 3088 2792 3097
f 2792 3094 3095
f 3097 2792 3096
f 3096 2792 3095
f 2798 3006 2794
f 2997 2794 3006
f 2718 2705 2700
f 2958 2705 2979
f 2786 2705 2718
f 2705 2786 2979
f 2807 2715 2712
f 2700 2713 2718
f 2785 2718 2713
f 2713 2769 2785
f 3006 2798 3011
f 2834 2707 2715
f 2707 2834 2824
f 2715 2807 2834
f 2745 2821 2746
f 2821 2751 2746
f 2751 2828 2753
f 2828 2756 2753
f 2828 2751 2821
f 2837 2895 2756
f 2837 3028 2895
f 2895 3028 3056
f 2756 2828 2837
f 3176 2991 2990
f 3175 2989 2991
f 2991 3176 3175
f 3171 2989 3173
f 2989 3175 3173
f 3103 2958 2979
f 2958 3103 3138
f 2824 2945 2817
f 2930 2817 2939
f 2817 2945 2939
f 2834 2955 2824
f 2945 2824 2951
f 2824 2955 2951
f 2718 2785 2786
f 2969 2785 2769
f 2786 2976 2979
f 2976 2786 2785
f 3101 2979 2976
f 2979 3101 3103
f 2984 2834 2807
f 2834 2984 2956
f 2955 2834 2956
f 2785 2969 2976
f 3089 2986 2995
f 2995 2950 2999
f 2999 3089 2995
f 2986 3089 3085
f 2850 2828 2821
f 3189 3116 3118
f 3118 3190 3189
f 3190 3253 3189
f 2899 2837 2828
f 2828 2850 2899
f 2837 2899 2927
f 3028 2837 2943
f 2937 2837 2927
f 2941 2837 2937
f 2837 2941 2943
f 3092 2976 2969
f 3074 2997 3006
f 2997 3074 3072
f 3057 3000 3041
f 2994 3041 3000
f 3057 3199 3083
f 3083 3225 3119
f 3225 3083 3199
f 3084 3057 3041
f 3084 3164 3057
f 3199 3057 3164
f 2976 3092 3101
f 2966 2930 2998
f 2930 2966 2916
f 3188 3112 3186
f 3112 3188 3115
f 3003 3292 2998
f 2939 2998 2930
f 2998 2939 3003
f 3292 3188 3186
f 3292 3003 3026
f 3063 3292 3062
f 3292 3063 3307
f 3292 3026 3047
f 3292 3047 3058
f 3061 3292 3058
f 3292 3061 3062
f 3307 3293 3292
f 3188 3292 3293
f 3063 2984 3088
f 2984 3013 2956
f 2984 3063 3013
f 3056 3308 3094
f 3296 3056 3028
f 3308 3056 3296
f 3323 3088 3097
f 3333 3063 3088
f 3088 3323 3333
f 3094 3323 3095
f 3323 3094 3308
f 3096 3323 3097
f 3323 3096 3095
f 3011 3074 3006
f 3011 3067 3076
f 3074 3011 3076
f 3073 2994 2982
f 2994 3073 3081
f 3081 3041 2994
f 3005 2939 2945
f 2951 3005 2945
f 2939 3005 3003
f 3090 3165 3067
f 3138 3209 3090
f 3165 3090 3209
f 3165 3076 3067
f 3008 2951 2955
f 2956 3008 2955
f 3005 2951 3008
f 3091 3119 3146
f 3225 3198 3119
f 3119 3198 3146
f 3008 2956 3013
f 3171 3028 2943
f 3028 3171 3283
f 3283 3296 3028
f 2937 3171 2941
f 3171 2943 2941
f 3138 3103 3151
f 3209 3138 3231
f 3187 3138 3151
f 3187 3231 3138
f 3089 2999 3091
f 3146 3089 3091
f 3188 3117 3115
f 3190 3118 3117
f 3117 3188 3190
f 3173 3283 3171
f 3026 3003 3005
f 3008 3026 3005
f 3013 3047 3008
f 3026 3008 3047
f 3062 3013 3063
f 3047 3013 3058
f 3058 3013 3061
f 3013 3062 3061
f 3101 3151 3103
f 3180 3101 3092
f 3130 3081 3073
f 3101 3180 3183
f 3183 3151 3101
f 3332 3063 3333
f 3063 3332 3307
f 3191 3085 3089
f 3146 3191 3089
f 3085 3191 3184
f 3287 3173 3175
f 3289 3175 3176
f 3175 3289 3287
f 3283 3173 3284
f 3173 3287 3284
f 3288 3176 3174
f 3176 3288 3289
f 3041 3081 3084
f 3081 3142 3084
f 3081 3130 3137
f 3142 3081 3137
f 3140 3072 3074
f 3144 3074 3076
f 3074 3144 3140
f 3072 3140 3132
f 3076 3165 3144
f 3296 3283 3297
f 3343 3308 3296
f 3297 3343 3296
f 3284 3297 3283
f 3164 3084 3142
f 3308 3370 3323
f 3308 3343 3361
f 3370 3308 3361
f 3164 3210 3199
f 3199 3233 3225
f 3233 3199 3210
f 3161 3164 3142
f 3164 3161 3167
f 3210 3164 3167
f 3333 3355 3332
f 3323 3355 3333
f 3336 3307 3332
f 3293 3307 3309
f 3307 3336 3309
f 3355 3336 3332
f 3150 3132 3140
f 3132 3150 3148
f 3167 3144 3165
f 3209 3167 3165
f 3148 3137 3130
f 3161 3140 3144
f 3140 3161 3150
f 3144 3167 3161
f 3236 3184 3191
f 3184 3236 3230
f 3150 3142 3137
f 3142 3150 3161
f 3137 3148 3150
f 3198 3225 3246
f 3225 3256 3246
f 3256 3225 3233
f 3191 3146 3198
f 3246 3191 3198
f 3191 3246 3236
f 3323 3370 3371
f 3355 3323 3374
f 3323 3376 3374
f 3376 3323 3371
f 3231 3210 3209
f 3167 3209 3210
f 3234 3183 3180
f 3151 3183 3187
f 3183 3249 3187
f 3183 3234 3247
f 3249 3183 3247
f 3293 3190 3188
f 3190 3293 3294
f 3294 3253 3190
f 3288 3300 3289
f 3231 3187 3249
f 3210 3231 3233
f 3249 3233 3231
f 3252 3247 3234
f 3299 3284 3287
f 3300 3287 3289
f 3287 3300 3299
f 3297 3284 3298
f 3284 3299 3298
f 3255 3230 3236
f 3230 3255 3252
f 3247 3256 3249
f 3233 3249 3256
f 3247 3252 3255
f 3256 3247 3255
f 3246 3255 3236
f 3309 3294 3293
f 3253 3294 3295
f 3310 3295 3294
f 3294 3309 3310
f 3255 3246 3256
f 3312 3295 3311
f 3295 3310 3311
f 3338 3312 3311
f 3298 3343 3297
f 3349 3298 3299
f 3305 3299 3300
f 3305 3349 3299
f 3343 3298 3348
f 3298 3349 3348
f 3336 3310 3309
f 3337 3311 3310
f 3310 3336 3337
f 3311 3337 3338
f 3348 3361 3343
f 3365 3348 3349
f 3349 3305 3350
f 3366 3349 3350
f 3349 3366 3365
f 3361 3348 3362
f 3348 3365 3362
f 3350 3367 3366
f 3356 3337 3336
f 3336 3355 3356
f 3361 3375 3370
f 3375 3371 3370
f 3375 3361 3362
f 3337 3344 3338
f 3337 3356 3357
f 3357 3344 3337
f 3374 3356 3355
f 3381 3374 3376
f 3356 3374 3379
f 3374 3381 3379
f 3377 3376 3371
f 3371 3375 3377
f 3376 3377 3381
f 3379 3357 3356
f 3344 3357 3358
f 3387 3358 3357
f 3357 3379 3387
f 3390 3358 3389
f 3358 3387 3389
f 3389 3392 3390
f 3378 3362 3365
f 3382 3365 3366
f 3365 3382 3378
f 3362 3378 3375
f 3384 3366 3367
f 3366 3384 3382
f 3381 3387 3379
f 3388 3389 3387
f 3387 3381 3388
f 3389 3388 3391
f 3392 3389 3391
f 3378 3377 3375
f 3382 3380 3378
f 3377 3378 3380
f 3384 3383 3382
f 3380 3382 3383
f 3383 3384 3386
f 3380 3381 3377
f 3381 3380 3388
f 3383 3388 3380
f 3388 3383 3391
f 3386 3391 3383
f 3391 3386 3392
f 7 2 1
f 7 4 2
f 7 1 3
f 7 3 5
f 7 6 4
f 7 5 8
f 7 9 6
f 8 10 7
f 7 11 9
f 7 10 12
f 7 13 11
f 7 12 14
f 7 14 13
f 1 2 86
f 86 2 87
f 2 4 87
f 88 1 86
f 3 1 88
f 85 88 86
f 84 86 87
f 85 86 84
f 90 3 88
f 5 3 90
f 85 90 88
f 87 4 89
f 4 6 89
f 84 87 89
f 92 5 90
f 8 5 92
f 85 92 90
f 89 6 91
f 6 9 91
f 84 89 91
f 94 8 92
f 10 8 94
f 85 94 92
f 91 9 93
f 9 11 93
f 84 91 93
f 12 10 96
f 96 10 94
f 11 13 95
f 93 11 95
f 14 12 98
f 98 12 96
f 13 14 97
f 95 13 97
f 97 14 98
f 99 96 94
f 99 94 85
f 112 93 95
f 84 93 112
f 99 98 96
f 104 95 97
f 112 95 104
f 100 97 98
f 100 98 99
f 102 97 100
f 104 97 102
f 21 16 15
f 21 18 16
f 21 15 17
f 21 17 19
f 21 20 18
f 21 19 22
f 21 23 20
f 22 24 21
f 21 25 23
f 21 24 26
f 21 27 25
f 21 26 28
f 21 28 27
f 15 16 99
f 99 16 100
f 16 18 100
f 101 15 99
f 17 15 101
f 99 85 101
f 103 17 101
f 19 17 103
f 101 85 103
f 100 18 102
f 18 20 102
f 105 19 103
f 22 19 105
f 103 85 105
f 102 20 104
f 20 23 104
f 105 107 22
f 22 107 24
f 105 113 107
f 105 85 113
f 104 23 106
f 23 25 106
f 106 112 104
f 26 24 109
f 109 24 107
f 25 27 108
f 106 25 108
f 28 26 111
f 111 26 109
f 27 28 110
f 108 27 110
f 110 28 111
f 107 113 109
f 108 112 106
f 109 113 111
f 110 112 108
f 111 112 110
f 111 113 112
f 29 32 30
f 38 32 29
f 30 158 29
f 29 150 38
f 29 158 150
f 30 32 33
f 38 34 32
f 33 32 34
f 30 168 158
f 30 33 31
f 31 160 30
f 30 160 170
f 30 182 168
f 30 170 184
f 30 190 182
f 30 184 192
f 314 190 30
f 30 192 314
f 38 150 156
f 34 38 36
f 47 36 38
f 38 156 47
f 159 150 158
f 169 158 168
f 159 158 169
f 151 156 150
f 151 150 159
f 33 34 35
f 33 39 31
f 35 39 33
f 34 36 35
f 31 152 160
f 39 152 31
f 161 170 160
f 153 160 152
f 161 160 153
f 183 168 182
f 169 168 183
f 171 184 170
f 171 170 161
f 191 182 190
f 183 182 191
f 185 192 184
f 185 184 171
f 314 206 190
f 191 190 207
f 207 190 206
f 314 192 208
f 193 192 185
f 193 208 192
f 313 214 314
f 314 3105 313
f 314 216 315
f 315 1522 314
f 314 214 206
f 314 208 216
f 314 3124 3105
f 314 1522 1520
f 314 1520 1575
f 314 1575 1656
f 314 1656 1779
f 314 1779 3423
f 3423 3155 314
f 314 3155 3124
f 39 162 152
f 37 39 35
f 39 37 41
f 41 49 39
f 49 162 39
f 163 152 162
f 153 152 163
f 35 36 37
f 40 37 36
f 36 47 40
f 37 40 41
f 47 42 40
f 41 40 42
f 47 156 57
f 42 47 44
f 44 47 48
f 47 51 48
f 47 53 51
f 47 55 53
f 55 47 57
f 49 41 43
f 41 42 43
f 157 156 151
f 57 156 65
f 157 166 156
f 65 156 166
f 58 162 49
f 49 43 46
f 49 46 50
f 52 49 50
f 54 49 52
f 49 54 56
f 60 49 56
f 49 60 58
f 66 162 58
f 163 162 173
f 173 162 172
f 66 172 162
f 42 45 43
f 45 42 44
f 43 45 46
f 67 45 44
f 69 46 45
f 68 45 67
f 69 45 68
f 67 44 70
f 48 151 44
f 44 151 159
f 70 44 159
f 71 46 69
f 46 153 50
f 46 161 153
f 71 161 46
f 74 67 70
f 67 72 68
f 67 74 72
f 48 157 151
f 51 157 48
f 70 159 169
f 70 116 74
f 116 70 78
f 70 169 78
f 68 73 69
f 73 71 69
f 68 72 73
f 50 153 163
f 50 163 52
f 71 171 161
f 71 73 75
f 75 79 71
f 79 171 71
f 53 789 51
f 51 167 157
f 789 189 51
f 51 181 167
f 51 189 181
f 55 3363 53
f 789 53 3363
f 57 59 55
f 55 3359 3363
f 3351 55 59
f 55 3351 3359
f 59 57 61
f 61 57 63
f 63 57 65
f 167 166 157
f 790 54 52
f 52 163 173
f 52 195 790
f 52 173 187
f 52 187 195
f 3364 56 54
f 54 790 3364
f 56 3352 60
f 3360 56 3364
f 3352 56 3360
f 62 58 60
f 3342 60 3352
f 60 3342 3320
f 58 62 64
f 58 64 66
f 789 205 189
f 789 3363 3397
f 789 213 205
f 220 213 789
f 787 220 789
f 787 789 1738
f 1738 789 3123
f 789 3154 3123
f 789 3201 3154
f 3397 3201 789
f 181 180 167
f 167 180 166
f 189 188 181
f 181 188 180
f 189 204 188
f 205 204 189
f 790 195 211
f 3364 790 3398
f 790 211 219
f 790 219 221
f 788 790 221
f 1749 790 788
f 1749 3129 790
f 790 3129 3160
f 790 3160 3207
f 790 3207 3398
f 173 172 187
f 187 186 195
f 187 172 186
f 195 186 194
f 195 194 211
f 3403 3363 3359
f 3363 3403 3397
f 3405 3360 3364
f 3405 3364 3398
f 59 3341 3351
f 3319 59 61
f 3351 3403 3359
f 3341 3353 3351
f 3403 3351 3353
f 3354 3352 3360
f 3352 3354 3342
f 3360 3405 3354
f 63 3319 61
f 3319 3341 59
f 313 63 65
f 3319 63 3314
f 3314 63 313
f 65 188 313
f 65 166 180
f 65 180 188
f 3320 64 62
f 60 3320 62
f 66 64 315
f 3318 64 3320
f 315 64 3318
f 315 194 66
f 66 186 172
f 66 194 186
f 3319 3321 3341
f 3353 3341 3321
f 3320 3342 3322
f 3342 3354 3322
f 3321 3319 3314
f 3322 3318 3320
f 3314 313 3313
f 313 188 204
f 313 204 212
f 313 212 214
f 313 3105 3122
f 313 3122 3153
f 313 3153 3200
f 313 3200 3313
f 3353 3314 3313
f 3314 3353 3321
f 315 210 194
f 315 3318 3317
f 315 218 210
f 315 216 218
f 315 1577 1522
f 315 1658 1577
f 315 1781 1658
f 3107 1781 315
f 3107 315 3128
f 3128 315 3159
f 3159 315 3206
f 3206 315 3317
f 211 194 210
f 3318 3354 3317
f 3354 3318 3322
f 80 72 74
f 72 77 73
f 76 77 72
f 72 80 76
f 122 74 116
f 74 122 80
f 77 75 73
f 78 136 116
f 116 139 122
f 139 116 136
f 78 169 134
f 136 78 134
f 134 169 183
f 79 75 117
f 75 77 81
f 81 117 75
f 79 185 171
f 117 135 79
f 135 193 79
f 79 193 185
f 76 83 77
f 83 81 77
f 114 76 80
f 124 80 122
f 80 124 114
f 82 83 76
f 76 114 82
f 122 141 124
f 141 122 139
f 117 81 123
f 81 83 115
f 115 123 81
f 135 117 137
f 123 137 117
f 82 112 83
f 112 115 83
f 118 82 114
f 127 114 124
f 114 127 118
f 84 112 82
f 82 118 84
f 134 254 136
f 136 256 139
f 256 136 254
f 254 134 252
f 134 183 191
f 134 191 252
f 253 193 135
f 137 253 135
f 253 209 193
f 209 208 193
f 124 143 127
f 143 124 141
f 123 115 125
f 115 112 120
f 120 125 115
f 125 140 123
f 137 123 140
f 113 121 112
f 112 121 120
f 118 85 84
f 119 85 118
f 127 119 118
f 85 126 113
f 126 85 132
f 133 85 119
f 85 133 132
f 131 113 126
f 113 131 121
f 126 132 149
f 148 131 126
f 126 149 148
f 119 147 133
f 128 119 127
f 147 119 128
f 133 149 132
f 177 133 147
f 176 149 133
f 133 177 176
f 121 130 120
f 138 121 131
f 121 138 130
f 125 120 129
f 120 130 129
f 165 138 131
f 131 148 165
f 143 128 127
f 129 142 125
f 140 125 142
f 139 258 141
f 258 139 256
f 140 255 137
f 253 137 255
f 144 147 128
f 144 128 143
f 147 144 155
f 155 177 147
f 130 146 129
f 138 146 130
f 142 129 145
f 129 146 145
f 146 138 154
f 138 165 175
f 175 154 138
f 141 260 143
f 260 141 258
f 142 257 140
f 255 140 257
f 260 144 143
f 145 259 142
f 257 142 259
f 149 164 148
f 165 148 164
f 149 176 174
f 164 149 174
f 260 155 144
f 146 261 145
f 154 203 146
f 261 146 229
f 146 203 229
f 259 145 261
f 165 201 175
f 164 199 165
f 201 165 199
f 200 176 177
f 177 155 179
f 179 200 177
f 198 174 176
f 176 200 198
f 252 573 254
f 254 577 256
f 577 254 573
f 252 191 207
f 252 207 215
f 252 215 571
f 573 252 571
f 255 572 253
f 253 217 209
f 253 221 217
f 572 221 253
f 256 579 258
f 579 256 577
f 257 574 255
f 572 255 574
f 154 175 178
f 203 154 178
f 201 178 175
f 258 581 260
f 581 258 579
f 259 578 257
f 574 257 578
f 155 260 179
f 179 260 202
f 202 260 228
f 228 260 581
f 261 580 259
f 578 259 580
f 261 229 582
f 580 261 582
f 203 227 229
f 178 201 203
f 227 203 201
f 238 229 227
f 229 238 242
f 242 582 229
f 164 174 196
f 199 164 197
f 164 196 197
f 174 198 196
f 200 179 202
f 197 225 199
f 225 201 199
f 196 243 197
f 224 196 198
f 243 196 240
f 196 224 222
f 222 231 196
f 196 231 236
f 240 196 236
f 197 243 239
f 225 197 223
f 232 223 197
f 197 239 232
f 201 225 227
f 200 224 198
f 202 226 200
f 224 200 226
f 226 202 228
f 205 212 204
f 213 212 205
f 207 206 215
f 215 206 214
f 209 216 208
f 217 216 209
f 211 210 219
f 219 210 218
f 267 243 240
f 264 239 243
f 243 267 264
f 234 222 224
f 226 234 224
f 231 222 230
f 222 234 230
f 231 269 236
f 248 231 230
f 231 248 272
f 269 231 272
f 236 267 240
f 267 236 269
f 223 235 225
f 235 227 225
f 223 232 233
f 235 223 233
f 268 232 239
f 232 244 233
f 273 244 232
f 232 268 273
f 239 264 268
f 228 237 226
f 234 226 237
f 227 235 238
f 237 228 241
f 581 241 228
f 220 212 213
f 220 214 212
f 214 220 215
f 571 215 220
f 221 216 217
f 221 218 216
f 218 221 219
f 571 220 787
f 787 573 571
f 788 221 572
f 787 1739 573
f 1739 787 1738
f 574 788 572
f 1748 788 574
f 788 1748 1749
f 249 230 234
f 237 249 234
f 230 249 248
f 233 245 235
f 245 238 235
f 245 233 244
f 241 250 237
f 249 237 250
f 246 242 238
f 238 245 246
f 581 251 241
f 250 241 251
f 251 581 279
f 581 283 279
f 579 1742 581
f 283 581 307
f 581 368 307
f 581 1167 368
f 1167 581 1742
f 247 582 242
f 242 246 247
f 582 247 266
f 582 266 278
f 582 1746 580
f 582 278 287
f 369 582 287
f 1168 582 369
f 582 1168 1744
f 1746 582 1744
f 276 248 249
f 272 248 275
f 248 276 275
f 277 249 250
f 249 277 276
f 272 325 269
f 269 299 267
f 299 269 309
f 309 269 325
f 281 272 275
f 325 272 371
f 281 371 272
f 244 273 262
f 244 263 245
f 263 244 262
f 308 273 268
f 264 295 268
f 268 295 308
f 262 273 270
f 273 285 270
f 273 308 311
f 285 273 372
f 273 311 372
f 263 246 245
f 294 264 267
f 294 267 299
f 251 277 250
f 265 247 246
f 246 263 265
f 264 294 288
f 295 264 290
f 264 288 290
f 277 251 279
f 247 265 266
f 262 271 263
f 271 265 263
f 271 262 270
f 274 266 265
f 265 271 274
f 266 274 278
f 280 275 276
f 282 276 277
f 276 282 280
f 275 280 281
f 279 282 277
f 282 279 283
f 573 1740 577
f 1740 573 1739
f 577 1741 579
f 1741 577 1740
f 578 1748 574
f 1742 579 1741
f 580 1747 578
f 1748 578 1747
f 1747 580 1746
f 270 284 271
f 284 274 271
f 284 270 285
f 294 289 288
f 310 294 299
f 294 310 289
f 289 295 290
f 295 312 308
f 312 295 289
f 289 290 288
f 286 278 274
f 274 284 286
f 278 286 287
f 310 299 309
f 308 312 311
f 325 310 309
f 371 310 325
f 285 367 284
f 284 365 286
f 365 284 367
f 285 372 373
f 367 285 373
f 371 281 305
f 304 281 280
f 281 304 305
f 371 305 370
f 310 371 448
f 370 447 371
f 448 371 447
f 312 372 311
f 449 373 372
f 372 312 450
f 372 450 449
f 365 287 286
f 306 280 282
f 280 306 304
f 283 306 282
f 287 365 369
f 306 283 307
f 364 304 306
f 366 305 304
f 304 364 366
f 307 364 306
f 305 366 370
f 364 307 368
f 367 1164 365
f 373 1166 367
f 1164 367 1166
f 1164 369 365
f 1166 373 1171
f 373 449 589
f 875 373 589
f 1088 373 875
f 1088 1171 373
f 369 1164 1168
f 316 289 310
f 316 312 289
f 316 310 338
f 338 310 448
f 340 312 316
f 340 450 312
f 316 338 317
f 340 316 341
f 341 316 317
f 1163 366 364
f 1165 370 366
f 366 1163 1165
f 368 1163 364
f 370 1165 1170
f 447 370 591
f 370 873 591
f 370 1089 873
f 1170 1089 370
f 1163 368 1167
f 338 448 516
f 317 338 339
f 338 516 339
f 516 448 874
f 591 448 447
f 591 874 448
f 518 450 340
f 519 340 341
f 518 340 519
f 518 876 450
f 450 589 449
f 876 589 450
f 3106 3122 3105
f 3125 3105 3124
f 3106 3105 3125
f 3123 3153 3122
f 3123 3122 3106
f 3154 3200 3153
f 3154 3153 3123
f 3313 3200 3237
f 3201 3200 3154
f 3201 3237 3200
f 3313 3237 3258
f 3313 3258 3353
f 1522 1523 1520
f 1577 1578 1522
f 1522 1578 1523
f 1520 1521 1575
f 1520 1523 1521
f 1575 1576 1656
f 1575 1521 1576
f 1656 1657 1779
f 1656 1576 1657
f 3423 1779 1879
f 1779 1657 1780
f 1779 1780 1879
f 3423 3202 3155
f 3423 1879 1940
f 3204 3423 1940
f 3241 3423 3204
f 3423 3239 3202
f 3423 3260 3239
f 3262 3423 3241
f 3423 3275 3260
f 3262 3424 3423
f 3422 3275 3423
f 3424 3425 3423
f 3423 3421 3422
f 3423 3425 3421
f 3156 3124 3155
f 3125 3124 3156
f 3156 3155 3203
f 3203 3155 3202
f 1658 1659 1577
f 1577 1659 1578
f 1781 1782 1658
f 1658 1782 1659
f 3107 1881 1781
f 1781 1882 1782
f 1881 1882 1781
f 3129 3107 3128
f 3108 3107 3129
f 3108 3126 3107
f 3126 1881 3107
f 3160 3128 3159
f 3129 3128 3160
f 3207 3159 3206
f 3160 3159 3207
f 3206 3317 3243
f 3207 3206 3244
f 3244 3206 3243
f 3243 3317 3264
f 3264 3317 3354
f 1523 341 317
f 1521 317 339
f 1523 317 1521
f 1578 341 1523
f 1578 519 341
f 1521 339 1576
f 339 516 517
f 1576 339 517
f 516 1031 517
f 516 874 1031
f 1576 517 1032
f 517 1031 1032
f 1576 1032 1657
f 1034 518 519
f 1578 1034 519
f 1033 876 518
f 1033 518 1034
f 1659 1034 1578
f 1163 1326 1165
f 1167 1736 1163
f 1326 1163 1465
f 1609 1163 1736
f 1163 1609 1465
f 1325 1164 1166
f 1464 1168 1164
f 1164 1325 1354
f 1164 1354 1464
f 1165 1219 1170
f 1219 1165 1284
f 1284 1165 1326
f 1220 1166 1171
f 1166 1220 1303
f 1166 1303 1325
f 1736 1167 1742
f 1744 1168 1737
f 1168 1464 1737
f 874 591 873
f 1089 874 873
f 1089 1170 1219
f 1089 1301 874
f 1301 1089 1219
f 589 876 875
f 876 1088 875
f 1171 1088 1220
f 1302 1088 876
f 1088 1302 1220
f 1031 874 1301
f 1033 1302 876
f 1031 1456 1032
f 1031 1301 1456
f 1032 1456 1457
f 1657 1032 1457
f 1459 1033 1034
f 1659 1459 1034
f 1458 1302 1033
f 1458 1033 1459
f 1739 2252 1740
f 1740 2250 1741
f 2250 1740 2252
f 1738 2254 1739
f 2252 1739 2254
f 1747 2255 1748
f 1748 2259 1749
f 2259 1748 2255
f 1741 2172 1742
f 2172 1741 2250
f 1746 2253 1747
f 2255 1747 2253
f 1736 1742 1743
f 2172 1743 1742
f 2174 1746 1744
f 1746 2174 2251
f 2253 1746 2251
f 1744 1737 1745
f 1745 2174 1744
f 1738 3123 3106
f 2254 1738 2258
f 1738 3106 2258
f 1749 3108 3129
f 2259 3108 1749
f 3397 3238 3201
f 3238 3237 3201
f 3397 3259 3238
f 3397 3274 3259
f 3404 3274 3397
f 3397 3403 3404
f 3398 3207 3244
f 3398 3244 3265
f 3398 3265 3280
f 3398 3280 3406
f 3405 3398 3406
f 1456 1301 2173
f 1301 1219 1284
f 1465 1301 1326
f 1301 1284 1326
f 1609 1301 1465
f 1301 1609 2173
f 1458 2175 1302
f 1220 1302 1303
f 1325 1302 1354
f 1302 1325 1303
f 1354 1302 1464
f 1302 1737 1464
f 2175 1737 1302
f 1456 2271 1457
f 1456 2173 2271
f 1657 1457 1780
f 1457 2271 2272
f 1780 1457 2272
f 2274 1458 1459
f 1782 1459 1659
f 1782 2274 1459
f 2273 2175 1458
f 2273 1458 2274
f 1736 2173 1609
f 2173 1736 1743
f 1737 2175 1745
f 2271 2173 2645
f 1743 2172 2173
f 2248 2173 2172
f 2248 2645 2173
f 2273 2647 2175
f 2174 1745 2175
f 2175 2249 2174
f 2647 2249 2175
f 2271 2771 2272
f 2271 2645 2771
f 1780 2272 1880
f 1879 1780 1880
f 1880 2272 2772
f 2272 2771 2772
f 2774 2273 2274
f 1882 2274 1782
f 1882 2774 2274
f 2773 2273 2774
f 2773 2647 2273
f 2258 2568 2254
f 2254 2554 2252
f 2554 2254 2568
f 2258 3106 2582
f 2568 2258 2582
f 2582 3106 3125
f 2252 2547 2250
f 2547 2252 2554
f 2172 2250 2248
f 2250 2543 2248
f 2543 2250 2547
f 2251 2174 2249
f 2251 2555 2253
f 2253 2569 2255
f 2569 2253 2555
f 2249 2548 2251
f 2555 2251 2548
f 2255 2583 2259
f 2583 2255 2569
f 2583 3108 2259
f 3127 3126 3108
f 2583 3127 3108
f 1879 1880 1940
f 1940 1880 1941
f 1880 3227 1941
f 1880 2772 3227
f 1881 1943 1882
f 1943 3229 1882
f 1882 3229 2774
f 1942 1943 1881
f 3126 1942 1881
f 1940 1941 1990
f 3126 1940 1990
f 3157 1940 3126
f 3204 1940 3157
f 1941 3227 3302
f 1990 1941 1991
f 1941 3302 1991
f 2772 3226 3227
f 3227 3301 3302
f 3226 3301 3227
f 2771 3226 2772
f 1942 1991 1943
f 1943 3304 3229
f 1991 3304 1943
f 3126 1990 1942
f 1990 1991 1942
f 3127 3157 3126
f 3229 2773 2774
f 3304 3228 3229
f 3228 2773 3229
f 3158 3204 3157
f 3158 3157 3127
f 3205 3204 3158
f 3205 3241 3204
f 1991 3302 3316
f 1991 3316 3304
f 3316 3302 3315
f 3315 3302 3301
f 3316 3303 3304
f 3303 3228 3304
f 3315 3303 3316
f 2645 2248 2543
f 2645 2543 2644
f 2771 2645 3195
f 3034 2645 2644
f 2645 3034 3195
f 2249 2647 2544
f 2548 2249 2544
f 2544 2647 2646
f 2773 3197 2647
f 2647 3035 2646
f 3035 2647 3197
f 2547 2644 2543
f 2646 2548 2544
f 2548 3043 2555
f 2646 3039 2548
f 3043 2548 3039
f 2554 3038 2547
f 3038 2644 2547
f 2555 3052 2569
f 3052 2555 3043
f 2568 3042 2554
f 3038 2554 3042
f 2569 3060 2583
f 3060 2569 3052
f 2582 3051 2568
f 3042 2568 3051
f 3060 3158 2583
f 2583 3158 3127
f 3051 2582 3059
f 2582 3156 3059
f 2582 3125 3156
f 2771 3195 3226
f 3228 3197 2773
f 2644 3038 3034
f 3039 2646 3035
f 3042 3268 3038
f 3038 3194 3034
f 3194 3038 3268
f 3039 3271 3043
f 3043 3286 3052
f 3286 3043 3271
f 3196 3039 3035
f 3039 3196 3269
f 3271 3039 3269
f 3051 3270 3042
f 3268 3042 3270
f 3052 3291 3060
f 3291 3052 3286
f 3059 3285 3051
f 3270 3051 3285
f 3060 3205 3158
f 3291 3205 3060
f 3059 3156 3203
f 3285 3059 3290
f 3059 3203 3290
f 3195 3034 3194
f 3226 3195 3329
f 3266 3195 3194
f 3266 3329 3195
f 3035 3197 3196
f 3228 3331 3197
f 3197 3267 3196
f 3331 3267 3197
f 3226 3329 3301
f 3303 3331 3228
f 3194 3268 3266
f 3269 3196 3267
f 3270 3326 3268
f 3268 3324 3266
f 3324 3268 3326
f 3269 3335 3271
f 3271 3340 3286
f 3340 3271 3335
f 3267 3327 3269
f 3335 3269 3327
f 3285 3334 3270
f 3326 3270 3334
f 3286 3347 3291
f 3347 3286 3340
f 3290 3339 3285
f 3334 3285 3339
f 3291 3242 3205
f 3347 3242 3291
f 3290 3203 3240
f 3203 3202 3240
f 3290 3240 3346
f 3339 3290 3346
f 3242 3241 3205
f 3240 3202 3239
f 3329 3266 3324
f 3301 3329 3394
f 3329 3324 3328
f 3329 3368 3394
f 3368 3329 3328
f 3267 3331 3325
f 3327 3267 3325
f 3303 3394 3331
f 3325 3331 3330
f 3369 3331 3394
f 3331 3369 3330
f 3238 3258 3237
f 3259 3258 3238
f 3240 3239 3261
f 3346 3240 3261
f 3261 3239 3260
f 3242 3262 3241
f 3263 3262 3242
f 3347 3263 3242
f 3244 3243 3265
f 3265 3243 3264
f 3301 3394 3315
f 3315 3394 3303
f 3259 3273 3258
f 3353 3258 3273
f 3274 3273 3259
f 3261 3260 3276
f 3346 3261 3401
f 3401 3261 3276
f 3276 3260 3275
f 3399 3346 3401
f 3346 3399 3339
f 3263 3277 3262
f 3277 3424 3262
f 3402 3263 3347
f 3278 3277 3263
f 3402 3278 3263
f 3340 3402 3347
f 3265 3264 3280
f 3280 3264 3279
f 3264 3354 3279
f 3353 3273 3403
f 3281 3273 3274
f 3281 3275 3273
f 3422 3273 3275
f 3415 3273 3422
f 3403 3273 3415
f 3408 3281 3274
f 3408 3274 3404
f 3275 3281 3276
f 3401 3276 3408
f 3408 3276 3281
f 3408 3409 3401
f 3407 3399 3401
f 3401 3409 3407
f 3279 3424 3277
f 3282 3277 3278
f 3282 3279 3277
f 3279 3416 3424
f 3416 3425 3424
f 3410 3278 3402
f 3410 3282 3278
f 3402 3340 3400
f 3402 3409 3410
f 3400 3407 3402
f 3407 3409 3402
f 3279 3282 3280
f 3280 3282 3410
f 3406 3280 3410
f 3279 3354 3405
f 3279 3405 3416
f 3326 3328 3324
f 3330 3327 3325
f 3327 3396 3335
f 3330 3373 3327
f 3396 3327 3373
f 3334 3372 3326
f 3372 3328 3326
f 3335 3400 3340
f 3400 3335 3396
f 3339 3395 3334
f 3372 3334 3395
f 3421 3415 3422
f 3417 3403 3415
f 3403 3408 3404
f 3403 3411 3408
f 3411 3403 3413
f 3403 3417 3413
f 3415 3419 3417
f 3419 3415 3421
f 3408 3411 3409
f 3410 3405 3406
f 3412 3405 3410
f 3409 3412 3410
f 3405 3418 3416
f 3405 3412 3414
f 3418 3405 3414
f 3420 3416 3418
f 3416 3420 3425
f 3395 3339 3399
f 3394 3368 3393
f 3369 3394 3393
f 3328 3372 3368
f 3373 3330 3369
f 3395 3373 3372
f 3393 3372 3373
f 3372 3393 3368
f 3373 3395 3396
f 3393 3373 3369
f 3399 3396 3395
f 3396 3399 3400
f 3399 3407 3400
f 3409 3411 3412
f 3413 3412 3411
f 3418 3413 3417
f 3413 3414 3412
f 3413 3418 3414
f 3417 3420 3418
f 3420 3417 3419
f 3421 3425 3419
f 3419 3425 3420
usemtl Mitsubishiii_RV_2AJMaterial1
f 677 612 616
f 612 702 616
f 638 612 637
f 612 640 637
f 612 638 702
f 612 641 640
f 641 612 679
f 612 677 679
f 616 701 677
f 616 1266 701
f 1449 616 702
f 616 1447 1266
f 616 1449 1446
f 1460 616 1446
f 1447 616 1524
f 616 1460 1524
f 637 1494 638
f 1495 637 640
f 1494 637 1495
f 702 638 644
f 1494 644 638
f 641 1516 640
f 1495 640 1516
f 679 645 641
f 1519 641 645
f 1516 641 1554
f 641 1519 1542
f 641 1542 1579
f 1554 641 1579
f 652 702 644
f 644 1544 652
f 644 1494 1515
f 644 1515 1553
f 1544 644 1553
f 679 653 645
f 1508 645 653
f 645 1508 1519
f 730 652 658
f 652 1507 658
f 702 652 730
f 1507 652 1529
f 1529 652 1544
f 653 754 656
f 656 1527 653
f 653 679 754
f 1508 653 1527
f 656 708 659
f 1547 656 659
f 708 656 754
f 1527 656 1556
f 656 1547 1574
f 1556 656 1596
f 656 1574 1596
f 664 730 658
f 1507 664 658
f 659 708 660
f 660 1535 659
f 659 1535 1547
f 708 662 660
f 1534 660 662
f 660 1534 1535
f 662 823 663
f 663 1534 662
f 662 708 823
f 823 664 663
f 1555 663 664
f 1534 663 1546
f 1546 663 1573
f 663 1555 1570
f 1570 1595 663
f 1573 663 1595
f 664 823 730
f 664 1507 1518
f 664 1518 1555
f 678 680 675
f 675 677 678
f 698 675 680
f 698 677 675
f 680 678 697
f 678 677 689
f 697 678 689
f 677 698 679
f 698 726 679
f 744 679 726
f 744 754 679
f 680 697 687
f 687 698 680
f 701 689 677
f 707 697 689
f 719 687 697
f 697 707 713
f 714 697 713
f 697 714 719
f 689 701 707
f 698 687 747
f 719 758 687
f 747 687 758
f 771 726 698
f 747 771 698
f 1266 707 701
f 889 702 730
f 702 889 851
f 851 1449 702
f 707 888 713
f 1266 888 707
f 803 708 754
f 708 803 772
f 823 708 772
f 713 887 714
f 887 713 888
f 714 892 719
f 892 714 887
f 762 726 734
f 771 734 726
f 726 749 744
f 726 762 749
f 758 719 765
f 765 719 778
f 719 832 778
f 719 892 804
f 804 923 719
f 832 719 830
f 830 719 846
f 719 902 846
f 719 923 902
f 992 730 823
f 730 992 889
f 762 734 750
f 734 771 750
f 749 763 744
f 754 744 763
f 758 773 747
f 771 747 773
f 762 764 749
f 763 749 764
f 762 750 781
f 781 750 769
f 798 769 750
f 750 771 798
f 754 763 795
f 795 858 754
f 858 803 754
f 765 784 758
f 773 758 784
f 764 762 775
f 781 775 762
f 764 795 763
f 775 795 764
f 778 796 765
f 784 765 796
f 769 912 781
f 798 912 769
f 815 771 773
f 798 771 809
f 771 815 809
f 814 772 803
f 772 814 1635
f 772 1647 823
f 1647 772 1635
f 822 773 784
f 773 822 815
f 775 781 802
f 781 987 802
f 781 912 987
f 796 778 807
f 1453 807 778
f 778 832 840
f 778 840 894
f 778 894 895
f 953 778 895
f 778 953 975
f 975 1453 778
f 802 795 775
f 822 784 796
f 795 802 812
f 1409 795 812
f 984 795 853
f 1190 853 795
f 795 984 858
f 1190 795 1409
f 838 796 807
f 796 838 822
f 809 821 798
f 821 1275 798
f 912 798 1275
f 814 803 820
f 833 820 803
f 803 858 833
f 905 804 892
f 1019 804 905
f 985 923 804
f 804 1019 985
f 814 820 827
f 814 827 836
f 836 1370 814
f 1766 814 1370
f 1635 814 1667
f 1667 814 1766
f 812 802 826
f 802 987 826
f 1431 838 807
f 807 1453 1431
f 835 809 815
f 821 809 847
f 809 835 847
f 826 1409 812
f 822 835 815
f 835 822 841
f 838 860 822
f 841 822 860
f 839 827 820
f 820 833 839
f 847 978 821
f 1132 821 978
f 821 1132 1275
f 1647 992 823
f 1409 826 987
f 839 836 827
f 830 842 832
f 830 846 842
f 840 832 855
f 842 854 832
f 854 855 832
f 843 839 833
f 833 867 843
f 867 833 858
f 841 869 835
f 869 847 835
f 836 839 861
f 1154 836 861
f 836 1154 1370
f 860 838 881
f 1418 881 838
f 838 1431 1418
f 855 894 840
f 860 880 841
f 869 841 880
f 843 862 839
f 861 839 862
f 842 846 870
f 846 902 870
f 856 854 842
f 870 856 842
f 856 885 854
f 855 854 871
f 854 898 871
f 898 854 885
f 890 847 869
f 847 890 978
f 843 877 872
f 843 882 877
f 862 843 872
f 882 843 867
f 1103 851 889
f 851 1103 1084
f 1481 851 1084
f 1449 851 1481
f 995 853 929
f 1190 929 853
f 853 986 984
f 853 995 986
f 1172 872 877
f 903 877 882
f 877 903 925
f 925 1172 877
f 897 856 870
f 884 885 856
f 856 897 884
f 867 858 906
f 984 906 858
f 880 860 899
f 881 899 860
f 1156 861 862
f 861 1156 1154
f 871 894 855
f 1160 862 872
f 862 1160 1156
f 870 951 897
f 951 870 902
f 867 922 882
f 922 867 906
f 880 901 869
f 901 890 869
f 894 871 915
f 952 871 898
f 871 952 915
f 872 1172 1160
f 899 901 880
f 899 881 916
f 881 1441 916
f 881 1418 1441
f 882 941 903
f 941 882 922
f 1129 885 884
f 897 1122 884
f 884 1122 1129
f 1130 898 885
f 1130 885 1129
f 888 1052 887
f 887 1059 892
f 1059 887 1052
f 1052 888 1053
f 888 1266 1053
f 1157 889 992
f 889 1157 1103
f 892 1070 905
f 1070 892 1059
f 894 953 895
f 915 960 894
f 953 894 960
f 901 899 924
f 909 901 936
f 890 901 909
f 924 936 901
f 951 1122 897
f 898 1001 952
f 1001 898 1055
f 898 1095 1055
f 1095 898 1123
f 1123 898 1130
f 916 924 899
f 941 925 903
f 1070 1019 905
f 906 991 922
f 906 984 991
f 1001 915 952
f 915 1001 960
f 935 902 923
f 951 902 935
f 1073 909 936
f 978 909 1023
f 978 890 909
f 1023 909 1071
f 909 1073 1071
f 912 1227 987
f 1227 912 1192
f 1532 1192 912
f 1275 1469 912
f 1477 912 1469
f 1532 912 1477
f 924 916 943
f 916 1441 943
f 923 983 935
f 983 923 985
f 922 1005 941
f 1005 922 991
f 957 924 943
f 924 957 936
f 925 941 958
f 958 1854 925
f 1172 925 1249
f 925 1379 1249
f 925 1854 1379
f 929 1049 995
f 929 1109 1049
f 1109 929 1062
f 929 1190 1062
f 951 935 1000
f 1000 935 983
f 941 1014 958
f 1014 941 1005
f 943 1159 957
f 1159 943 1441
f 1057 936 957
f 936 1057 1073
f 1122 951 1000
f 960 975 953
f 1014 1680 958
f 958 1680 1759
f 1854 958 1759
f 1057 957 1098
f 957 1159 1098
f 960 997 975
f 997 960 1007
f 960 1001 1007
f 1453 975 997
f 1023 1132 978
f 985 1019 983
f 983 1054 1000
f 1029 983 1019
f 1054 983 1029
f 990 984 986
f 984 990 991
f 986 993 990
f 993 986 995
f 1227 1654 987
f 1586 1409 987
f 987 1597 1586
f 987 1654 1597
f 1024 997 1007
f 1055 1007 1001
f 1007 1042 1024
f 1042 1007 1040
f 1007 1055 1040
f 994 991 990
f 1003 990 993
f 990 1003 994
f 994 1005 991
f 992 1700 1157
f 992 1647 1700
f 993 995 1010
f 993 1015 1003
f 1015 993 1010
f 1012 994 1003
f 1005 994 1011
f 994 1012 1011
f 1049 1010 995
f 1024 1453 997
f 1094 1000 1054
f 1000 1094 1122
f 1003 1027 1012
f 1027 1003 1015
f 1011 1014 1005
f 1011 1012 1022
f 1669 1014 1011
f 1022 1669 1011
f 1064 1015 1010
f 1010 1049 1064
f 1027 1022 1012
f 1680 1014 1669
f 1064 1027 1015
f 1019 1069 1029
f 1069 1019 1060
f 1265 1060 1019
f 1019 1070 1265
f 1022 1027 1039
f 1039 1669 1022
f 1132 1023 1071
f 1453 1024 1042
f 1027 1077 1039
f 1027 1064 1077
f 1238 1039 1077
f 1238 1669 1039
f 1029 1094 1054
f 1067 1029 1069
f 1094 1029 1067
f 1040 1082 1042
f 1095 1040 1055
f 1082 1040 1078
f 1040 1095 1078
f 1082 1453 1042
f 1060 1265 1069
f 1109 1064 1049
f 1255 1052 1053
f 1052 1257 1059
f 1052 1255 1256
f 1257 1052 1256
f 1053 1266 1255
f 1114 1077 1064
f 1064 1109 1153
f 1153 1114 1064
f 1059 1265 1070
f 1265 1059 1257
f 1073 1057 1083
f 1098 1083 1057
f 1062 1153 1109
f 1062 1189 1153
f 1190 1189 1062
f 1069 1086 1067
f 1094 1067 1086
f 1086 1069 1090
f 1265 1090 1069
f 1143 1071 1073
f 1071 1133 1132
f 1133 1071 1140
f 1071 1143 1140
f 1124 1073 1083
f 1073 1124 1151
f 1073 1151 1143
f 1078 1092 1082
f 1092 1078 1087
f 1078 1095 1087
f 1077 1114 1188
f 1238 1077 1188
f 1097 1082 1092
f 1097 1533 1082
f 1453 1082 1533
f 1197 1083 1098
f 1124 1083 1185
f 1083 1197 1185
f 1274 1084 1103
f 1084 1274 1247
f 1580 1084 1247
f 1084 1580 1481
f 1087 1106 1092
f 1095 1123 1087
f 1087 1123 1106
f 1090 1105 1086
f 1086 1122 1094
f 1122 1086 1105
f 1092 1115 1097
f 1115 1092 1106
f 1105 1090 1116
f 1589 1116 1090
f 1090 1265 1414
f 1090 1414 1589
f 1115 1533 1097
f 1159 1197 1098
f 1350 1103 1157
f 1103 1350 1274
f 1111 1105 1120
f 1111 1122 1105
f 1116 1120 1105
f 1112 1115 1106
f 1123 1112 1106
f 1112 1111 1120
f 1112 1130 1111
f 1122 1111 1129
f 1111 1130 1129
f 1115 1112 1128
f 1120 1128 1112
f 1112 1123 1130
f 1128 1533 1115
f 1161 1114 1153
f 1114 1161 1176
f 1114 1176 1188
f 1116 1589 1120
f 1533 1128 1120
f 1120 1590 1533
f 1590 1120 1589
f 1215 1151 1124
f 1185 1215 1124
f 1140 1132 1133
f 1140 1208 1132
f 1225 1132 1208
f 1132 1225 1275
f 1209 1140 1143
f 1140 1209 1208
f 1215 1143 1151
f 1143 1215 1209
f 1153 1207 1161
f 1153 1189 1204
f 1207 1153 1204
f 1237 1154 1156
f 1154 1237 1236
f 1370 1154 1236
f 1160 1237 1156
f 1157 1812 1350
f 1812 1157 1700
f 1172 1240 1160
f 1237 1160 1240
f 1197 1159 1323
f 1441 1323 1159
f 1161 1213 1176
f 1213 1161 1207
f 1240 1172 1249
f 1188 1176 1306
f 1176 1213 1254
f 1306 1176 1254
f 1343 1185 1197
f 1215 1185 1327
f 1185 1343 1327
f 1306 1238 1188
f 1190 1204 1189
f 1204 1190 1279
f 1190 1308 1279
f 1409 1308 1190
f 1509 1227 1192
f 1192 1543 1509
f 1192 1532 1629
f 1192 1607 1543
f 1192 1694 1607
f 1629 1673 1192
f 1694 1192 1673
f 1197 1323 1343
f 1204 1315 1207
f 1315 1204 1279
f 1207 1254 1213
f 1207 1328 1254
f 1328 1207 1315
f 1338 1208 1209
f 1338 1225 1208
f 1329 1209 1215
f 1209 1329 1338
f 1215 1327 1329
f 1336 1275 1225
f 1225 1338 1336
f 1227 1509 1557
f 1626 1227 1557
f 1726 1227 1626
f 1654 1227 1760
f 1227 1726 1814
f 1814 1760 1227
f 1237 1388 1236
f 1370 1236 1388
f 1397 1237 1240
f 1388 1237 1391
f 1237 1397 1391
f 1238 1306 1359
f 1359 1704 1238
f 1669 1238 1704
f 1249 1397 1240
f 1528 1247 1274
f 1247 1528 1588
f 1630 1580 1247
f 1670 1247 1588
f 1670 1630 1247
f 1397 1249 1379
f 1254 1498 1306
f 1498 1254 1328
f 1394 1256 1255
f 1266 1394 1255
f 1407 1257 1256
f 1256 1394 1407
f 1408 1265 1257
f 1257 1407 1408
f 1394 1266 1447
f 1265 1408 1414
f 1569 1274 1350
f 1528 1274 1517
f 1274 1569 1517
f 1275 1336 1385
f 1385 1675 1275
f 1469 1275 1486
f 1275 1583 1486
f 1275 1674 1583
f 1674 1275 1675
f 1315 1279 1308
f 1308 1731 1315
f 1308 1409 1467
f 1308 1467 1724
f 1731 1308 1724
f 1498 1359 1306
f 1637 1328 1315
f 1315 1731 1637
f 1327 1487 1329
f 1487 1338 1329
f 1560 1343 1323
f 1323 1441 1482
f 1482 1560 1323
f 1498 1328 1637
f 1593 1327 1343
f 1487 1327 1594
f 1327 1593 1594
f 1484 1336 1338
f 1484 1385 1336
f 1338 1487 1484
f 1343 1560 1593
f 1350 1651 1569
f 1350 1771 1651
f 1771 1350 1868
f 1812 1868 1350
f 1359 1498 1565
f 1359 1565 1686
f 1802 1359 1686
f 1359 1802 1704
f 1483 1370 1388
f 1370 1483 1636
f 1766 1370 1636
f 1379 1413 1397
f 1379 1959 1413
f 1959 1379 1854
f 1385 1484 1485
f 1675 1385 1485
f 1391 1483 1388
f 1397 1706 1391
f 1706 1483 1391
f 1655 1407 1394
f 1447 1655 1394
f 1413 1715 1397
f 1706 1397 1715
f 1407 1778 1408
f 1407 1655 1783
f 1778 1407 1783
f 1589 1414 1408
f 1408 1778 1589
f 1409 1724 1467
f 1409 1586 1614
f 1690 1409 1614
f 1815 1409 1690
f 1409 1888 1724
f 1409 1815 1816
f 1888 1409 1816
f 1715 1413 1730
f 1959 1730 1413
f 1477 1418 1431
f 1418 1486 1441
f 1418 1477 1469
f 1486 1418 1469
f 1532 1431 1453
f 1431 1532 1477
f 1441 1583 1482
f 1583 1441 1486
f 1494 1446 1449
f 1495 1460 1446
f 1446 1494 1495
f 1631 1447 1524
f 1447 1631 1859
f 1655 1447 1859
f 1481 1515 1449
f 1494 1449 1515
f 1453 1629 1532
f 1629 1453 1533
f 1460 1495 1516
f 1460 1516 1554
f 1460 1628 1524
f 1554 1579 1460
f 1606 1460 1579
f 1628 1460 1606
f 1515 1481 1553
f 1584 1553 1481
f 1671 1481 1580
f 1481 1627 1584
f 1481 1671 1627
f 1591 1560 1482
f 1674 1482 1583
f 1482 1674 1591
f 1636 1483 1703
f 1483 1706 1703
f 1484 1605 1485
f 1487 1907 1484
f 1484 1914 1605
f 1914 1484 1907
f 1675 1485 1605
f 1594 1861 1487
f 1907 1487 1861
f 1893 1565 1498
f 1498 1637 1893
f 1507 1517 1518
f 1517 1507 1528
f 1528 1507 1529
f 1543 1508 1509
f 1508 1557 1509
f 1508 1543 1519
f 1557 1508 1527
f 1569 1518 1517
f 1518 1569 1555
f 1519 1543 1542
f 1693 1524 1628
f 1524 1729 1631
f 1729 1524 1693
f 1557 1527 1556
f 1529 1588 1528
f 1588 1529 1544
f 1590 1629 1533
f 1534 1635 1535
f 1647 1534 1546
f 1635 1534 1647
f 1535 1667 1547
f 1667 1535 1635
f 1607 1542 1543
f 1542 1606 1579
f 1542 1607 1606
f 1544 1553 1584
f 1544 1584 1588
f 1700 1546 1573
f 1546 1700 1647
f 1547 1667 1574
f 1555 1569 1570
f 1556 1626 1557
f 1624 1556 1596
f 1626 1556 1624
f 1560 1591 1592
f 1593 1560 1592
f 1686 1565 1894
f 1565 1893 1894
f 1569 1652 1570
f 1652 1569 1651
f 1570 1652 1595
f 1700 1573 1595
f 1574 1667 1596
f 1630 1676 1580
f 1580 1728 1671
f 1676 1728 1580
f 1597 1669 1586
f 1669 1614 1586
f 1627 1588 1584
f 1671 1588 1627
f 1588 1671 1670
f 1590 1589 2247
f 1770 1589 1778
f 1770 2290 1589
f 2266 2247 1589
f 1589 2290 2266
f 1590 1733 1629
f 1733 1590 1638
f 2247 1638 1590
f 1591 1889 1592
f 1674 1681 1591
f 1889 1591 1681
f 1889 1593 1592
f 2007 1594 1593
f 1593 1889 2007
f 1861 1594 2028
f 1594 2007 2028
f 1652 1700 1595
f 1624 1596 1667
f 1654 1680 1597
f 1669 1597 1680
f 1914 1675 1605
f 1607 1628 1606
f 1607 1693 1628
f 1693 1607 1694
f 1614 1669 1704
f 1704 1690 1614
f 1653 1626 1624
f 1667 1653 1624
f 1725 1626 1653
f 1626 1725 1726
f 1733 1673 1629
f 1630 1670 1727
f 1676 1630 2145
f 1793 1630 1727
f 1630 1793 2145
f 1729 1732 1631
f 1732 2720 1631
f 1631 2125 1859
f 2125 1631 2720
f 1735 1637 1731
f 1735 1893 1637
f 1836 1636 1703
f 1636 1870 1766
f 1836 2049 1636
f 1870 1636 2049
f 1734 1733 1638
f 2312 1734 1638
f 1638 2247 2256
f 1638 2256 2260
f 1638 2260 2276
f 2276 2294 1638
f 2312 1638 2294
f 1651 1692 1652
f 1651 1772 1692
f 1772 1651 1771
f 1692 1700 1652
f 1653 1667 1766
f 1766 1725 1653
f 1680 1654 1759
f 1760 1759 1654
f 1783 1655 1786
f 1655 1859 1786
f 1728 1670 1671
f 1670 1728 1727
f 1673 1826 1694
f 1673 1733 2237
f 1826 1673 2237
f 2151 1674 1675
f 1681 1674 1795
f 1674 2151 1795
f 1675 1914 2036
f 1675 2036 2151
f 1728 1676 1794
f 1789 1794 1676
f 1676 2332 1789
f 2332 1676 2145
f 1795 1784 1681
f 1784 1889 1681
f 1686 1897 1802
f 1686 1894 1898
f 1897 1686 1898
f 1690 1704 1802
f 1802 1815 1690
f 1700 1692 1812
f 1772 1812 1692
f 1694 1729 1693
f 1729 1694 1826
f 1706 1836 1703
f 1715 2088 1706
f 2088 1836 1706
f 1730 1895 1715
f 2086 1715 1895
f 2088 1715 2086
f 1730 1959 1895
f 1724 1888 1731
f 1773 1726 1725
f 1766 1773 1725
f 1726 1773 1845
f 1845 1814 1726
f 1728 1793 1727
f 1793 1728 1794
f 1732 1729 1825
f 1729 1826 1825
f 1731 1939 1735
f 1936 1731 1888
f 1939 1731 1936
f 1732 1825 1850
f 1850 1829 1732
f 1829 2720 1732
f 1733 1734 1837
f 1837 2237 1733
f 1939 1893 1735
f 1805 1837 1734
f 2557 1805 1734
f 1734 2312 2352
f 2361 1734 2352
f 2362 1734 2361
f 2362 2557 1734
f 1759 1760 1854
f 1814 1872 1760
f 1760 1959 1854
f 1872 1959 1760
f 1773 1766 1870
f 1873 1772 1771
f 2224 1771 1868
f 1771 2224 1873
f 1812 1772 1911
f 1772 1873 1823
f 1911 1772 1823
f 1845 1773 1844
f 1773 1981 1844
f 1981 1773 1870
f 2092 1770 1778
f 1770 2092 2082
f 2082 2290 1770
f 1783 2092 1778
f 2017 1783 1786
f 1783 2017 2104
f 2092 1783 2104
f 1784 1795 1876
f 1876 1824 1784
f 1824 2201 1784
f 1889 1784 2201
f 1859 2017 1786
f 1794 1789 1846
f 1846 1789 1891
f 1946 1789 1852
f 2507 1852 1789
f 1789 1916 1891
f 1789 1946 1916
f 2507 1789 2332
f 1794 1887 1793
f 2145 1793 1887
f 1887 1794 1846
f 1795 2151 1876
f 1815 1802 1897
f 1828 1890 1805
f 1805 2476 1828
f 1837 1805 1890
f 2476 1805 2557
f 1911 1868 1812
f 1814 1845 2288
f 1872 1814 2288
f 1815 2083 1816
f 2019 1815 1897
f 1815 2019 1908
f 1908 2083 1815
f 2083 1888 1816
f 1823 1873 1874
f 2022 1823 1874
f 1823 2022 1911
f 1905 1828 1824
f 2476 1824 1828
f 1824 1876 1905
f 2201 1824 2465
f 1824 2486 2465
f 1824 2476 2486
f 1904 1825 1826
f 1825 1904 1850
f 2237 1904 1826
f 1890 1828 1905
f 1829 1850 1917
f 1829 1958 1860
f 2763 1829 1860
f 1947 1829 1917
f 1958 1829 1947
f 1829 2763 2720
f 2049 1836 2101
f 1836 2088 2101
f 2516 1837 1890
f 2237 1837 2516
f 1844 1925 1845
f 1925 1844 1875
f 1844 1981 1875
f 1925 2288 1845
f 1887 1846 1891
f 1850 1904 1892
f 1917 1850 1892
f 1860 1957 1852
f 1852 2763 1860
f 1852 1957 1946
f 1852 2507 2708
f 2763 1852 2708
f 2125 2017 1859
f 1957 1860 1958
f 1907 1861 1903
f 1861 2028 1903
f 1868 1911 2224
f 2049 1981 1870
f 1872 2041 1959
f 2041 1872 1960
f 2288 1960 1872
f 1932 1874 1873
f 1873 2224 1932
f 1874 1931 1913
f 2022 1874 1913
f 1874 1932 1931
f 1875 1915 1925
f 1875 1938 1915
f 1875 2040 1938
f 2040 1875 1981
f 2151 1905 1876
f 1930 1887 1891
f 1953 1887 1930
f 1887 1953 1952
f 1952 2145 1887
f 1936 1888 1935
f 2083 1935 1888
f 1889 2176 2007
f 2176 1889 2201
f 2516 1890 1905
f 1916 1930 1891
f 1904 1933 1892
f 2915 1917 1892
f 1933 2915 1892
f 2157 1894 1893
f 2141 1893 1939
f 1893 2141 2157
f 1894 2069 1898
f 2136 2069 1894
f 1894 2157 2136
f 1903 2217 1907
f 2028 2209 1903
f 2217 1903 2209
f 1959 2081 1895
f 1895 2081 2086
f 2069 1897 1898
f 1897 2069 2019
f 1904 1969 1933
f 1969 1904 1970
f 2237 1970 1904
f 1905 2151 2516
f 1907 2036 1914
f 1907 2124 2036
f 2217 2124 1907
f 1908 2054 2014
f 2216 1908 2014
f 2054 1908 2019
f 2083 1908 2216
f 2401 1911 2022
f 1911 2401 2224
f 1931 2938 1913
f 1937 2022 1913
f 1937 1913 2938
f 2909 1930 1916
f 1946 2909 1916
f 2915 1947 1917
f 1951 1925 1915
f 1915 1938 2942
f 2942 1951 1915
f 1985 1925 1951
f 1925 1985 1986
f 1986 2288 1925
f 2908 1953 1930
f 1930 2909 2908
f 1932 1950 1931
f 1950 2938 1931
f 1932 1997 1950
f 1997 1932 1996
f 1932 2195 1996
f 2195 1932 2224
f 1969 2915 1933
f 2105 1936 1935
f 1935 2083 2105
f 2143 1939 1936
f 1936 2105 2144
f 1936 2144 2143
f 1992 2022 1937
f 2938 1992 1937
f 2040 1993 1938
f 1993 2942 1938
f 1939 2143 2141
f 1957 2909 1946
f 2913 1958 1947
f 1947 2915 2913
f 1997 2922 1950
f 2938 1950 2922
f 2942 1985 1951
f 1998 1952 1953
f 1998 1996 1952
f 2195 1952 1996
f 2145 1952 2195
f 2908 1998 1953
f 2912 1957 1958
f 2909 1957 2911
f 1957 2912 2911
f 2912 1958 2913
f 2759 1959 2041
f 2081 1959 2205
f 2419 2205 1959
f 2419 1959 2775
f 2759 2775 1959
f 2067 1960 2027
f 1960 2605 2027
f 1960 2067 2041
f 1960 2288 2605
f 1970 1999 1969
f 1999 2920 1969
f 2915 1969 2920
f 1999 1970 2000
f 2237 2000 1970
f 2864 2040 1981
f 1981 2049 2202
f 1981 2202 2864
f 1999 1986 1985
f 2931 1999 1985
f 1985 2942 2931
f 1986 1999 2000
f 2000 2288 1986
f 2010 2045 1992
f 2938 2010 1992
f 2022 1992 2045
f 2040 2011 1993
f 2011 2944 1993
f 2942 1993 2944
f 1996 1998 1997
f 1998 2922 1997
f 1998 2908 2914
f 2922 1998 2914
f 1999 2931 2920
f 2000 2237 2288
f 2176 2028 2007
f 2053 2010 2011
f 2010 2947 2011
f 2010 2053 2045
f 2010 2938 2946
f 2947 2010 2946
f 2011 2040 2053
f 2011 2947 2944
f 2014 2074 2031
f 2031 2216 2014
f 2074 2014 2054
f 2104 2017 2107
f 2017 2125 2107
f 2019 2243 2054
f 2243 2019 2069
f 2045 2673 2022
f 2022 2673 2401
f 2074 2027 2031
f 2027 2605 2031
f 2027 2074 2067
f 2028 2176 2200
f 2209 2028 2200
f 2216 2031 2605
f 2124 2151 2036
f 2040 2960 2053
f 2960 2040 2864
f 2725 2041 2067
f 2041 2725 2759
f 2960 2045 2053
f 2673 2045 2858
f 2045 2960 2858
f 2101 2202 2049
f 2640 2074 2054
f 2054 2243 2342
f 2342 2579 2054
f 2603 2054 2579
f 2640 2054 2603
f 2681 2067 2074
f 2067 2681 2725
f 2136 2243 2069
f 2074 2640 2681
f 2233 2082 2092
f 2148 2082 2233
f 2148 2290 2082
f 2205 2086 2081
f 2216 2105 2083
f 2211 2088 2086
f 2086 2205 2211
f 2220 2101 2088
f 2088 2211 2220
f 2236 2092 2104
f 2092 2236 2233
f 2202 2101 2221
f 2101 2220 2221
f 2238 2104 2107
f 2104 2238 2236
f 2216 2144 2105
f 2125 2238 2107
f 2124 2193 2151
f 2193 2124 2217
f 2125 2339 2238
f 2692 2339 2125
f 2692 2125 2720
f 2157 2243 2136
f 2143 2168 2141
f 2157 2141 2168
f 2244 2143 2144
f 2235 2168 2143
f 2143 2244 2235
f 2144 2216 2244
f 2376 2145 2195
f 2145 2376 2332
f 2148 2233 2227
f 2227 2382 2148
f 2290 2148 2307
f 2307 2148 2315
f 2148 2357 2315
f 2357 2148 2382
f 2151 2193 2321
f 2321 2743 2151
f 2151 2703 2516
f 2703 2151 2722
f 2151 2743 2722
f 2232 2157 2168
f 2232 2283 2157
f 2243 2157 2283
f 2168 2235 2232
f 2176 2331 2200
f 2176 2201 2299
f 2331 2176 2299
f 2193 2217 2223
f 2321 2193 2223
f 2401 2195 2224
f 2195 2401 2376
f 2200 2268 2209
f 2268 2200 2331
f 2201 2367 2299
f 2201 2465 2367
f 2205 2428 2211
f 2428 2205 2419
f 2431 2202 2221
f 2431 2856 2202
f 2202 2856 2864
f 2209 2280 2217
f 2280 2209 2268
f 2211 2432 2220
f 2432 2211 2428
f 2313 2244 2216
f 2502 2313 2216
f 2216 2616 2502
f 2605 2736 2216
f 2616 2216 2706
f 2706 2216 2736
f 2217 2287 2223
f 2287 2217 2280
f 2432 2221 2220
f 2221 2432 2431
f 2223 2287 2321
f 2233 2322 2227
f 2322 2382 2227
f 2236 2327 2233
f 2322 2233 2327
f 2323 2232 2235
f 2283 2232 2364
f 2232 2323 2319
f 2232 2319 2364
f 2324 2235 2244
f 2235 2324 2323
f 2339 2236 2238
f 2327 2236 2337
f 2236 2339 2337
f 2237 2605 2288
f 2605 2237 2516
f 2324 2244 2313
f 2283 2342 2243
f 2247 2261 2256
f 2247 2266 2261
f 2260 2256 2276
f 2256 2261 2267
f 2267 2276 2256
f 2278 2261 2266
f 2266 2298 2278
f 2296 2266 2290
f 2298 2266 2296
f 2267 2261 2270
f 2270 2285 2267
f 2276 2267 2279
f 2267 2293 2279
f 2293 2267 2285
f 2268 2331 2280
f 2278 2270 2261
f 2292 2270 2278
f 2284 2285 2270
f 2270 2292 2284
f 2279 2297 2276
f 2294 2276 2297
f 2298 2292 2278
f 2280 2402 2287
f 2388 2280 2331
f 2402 2280 2388
f 2293 2297 2279
f 2342 2283 2384
f 2283 2364 2384
f 2456 2285 2284
f 2292 2456 2284
f 2457 2293 2285
f 2457 2285 2456
f 2302 2321 2287
f 2287 2402 2302
f 2290 2307 2296
f 2297 2312 2294
f 2292 2298 2309
f 2309 2447 2292
f 2292 2447 2456
f 2297 2293 2310
f 2448 2310 2293
f 2448 2293 2457
f 2296 2318 2298
f 2318 2296 2307
f 2310 2314 2297
f 2312 2297 2314
f 2318 2309 2298
f 2299 2368 2331
f 2367 2368 2299
f 2302 2467 2321
f 2375 2302 2402
f 2467 2302 2375
f 2315 2318 2307
f 2329 2309 2318
f 2309 2329 2349
f 2377 2309 2349
f 2420 2309 2377
f 2309 2420 2447
f 2310 2330 2314
f 2330 2310 2350
f 2310 2448 2350
f 2314 2330 2312
f 2312 2330 2353
f 2352 2312 2353
f 2315 2357 2318
f 2324 2313 2360
f 2391 2360 2313
f 2313 2502 2391
f 2357 2329 2318
f 2397 2319 2323
f 2397 2364 2319
f 2622 2321 2467
f 2321 2622 2670
f 2321 2670 2743
f 2327 2649 2322
f 2382 2322 2633
f 2322 2649 2633
f 2404 2323 2324
f 2323 2404 2397
f 2360 2404 2324
f 2358 2349 2329
f 2358 2329 2357
f 2350 2353 2330
f 2388 2331 2368
f 2657 2327 2337
f 2327 2657 2649
f 2632 2332 2376
f 2332 2632 2507
f 2664 2337 2339
f 2337 2664 2657
f 2339 2692 2664
f 2558 2342 2384
f 2579 2342 2558
f 2372 2349 2358
f 2349 2372 2377
f 2353 2350 2361
f 2350 2374 2361
f 2374 2350 2378
f 2350 2421 2378
f 2421 2350 2448
f 2353 2361 2352
f 2357 2372 2358
f 2372 2357 2379
f 2379 2357 2382
f 2361 2383 2362
f 2383 2361 2374
f 2404 2360 2391
f 2557 2362 2383
f 2387 2384 2364
f 2364 2397 2387
f 2378 2412 2374
f 2374 2412 2383
f 2367 2385 2368
f 2385 2367 2406
f 2367 2443 2406
f 2443 2367 2465
f 2385 2388 2368
f 2402 2467 2375
f 2673 2376 2401
f 2376 2673 2632
f 2411 2377 2372
f 2377 2411 2420
f 2412 2378 2421
f 2379 2411 2372
f 2382 2633 2379
f 2411 2379 2417
f 2379 2633 2417
f 2383 2418 2408
f 2557 2383 2408
f 2418 2383 2412
f 2387 2558 2384
f 2385 2413 2388
f 2385 2406 2413
f 2494 2387 2397
f 2387 2494 2480
f 2480 2558 2387
f 2388 2433 2402
f 2433 2388 2413
f 2391 2458 2404
f 2458 2391 2502
f 2499 2397 2404
f 2397 2499 2494
f 2402 2433 2467
f 2406 2460 2413
f 2460 2406 2443
f 2404 2458 2499
f 2557 2408 2418
f 2412 2441 2418
f 2421 2435 2412
f 2441 2412 2435
f 2473 2433 2413
f 2413 2460 2473
f 2436 2420 2411
f 2417 2436 2411
f 2557 2418 2441
f 2419 2775 2428
f 2420 2436 2447
f 2435 2421 2448
f 2436 2417 2446
f 2633 2446 2417
f 2428 2851 2432
f 2845 2428 2775
f 2851 2428 2845
f 2432 2853 2431
f 2856 2431 2853
f 2853 2432 2851
f 2433 2622 2467
f 2433 2473 2489
f 2622 2433 2489
f 2438 2436 2444
f 2438 2447 2436
f 2446 2444 2436
f 2435 2439 2452
f 2448 2439 2435
f 2452 2441 2435
f 2444 2439 2438
f 2439 2457 2438
f 2452 2439 2444
f 2439 2448 2457
f 2447 2438 2456
f 2438 2457 2456
f 2599 2441 2452
f 2441 2599 2557
f 2465 2460 2443
f 2452 2444 2459
f 2444 2446 2459
f 2459 2599 2452
f 2446 2633 2459
f 2609 2499 2458
f 2502 2609 2458
f 2460 2465 2483
f 2460 2497 2473
f 2497 2460 2483
f 2486 2483 2465
f 2599 2459 2633
f 2473 2506 2489
f 2506 2473 2497
f 2486 2476 2496
f 2476 2580 2496
f 2580 2476 2557
f 2585 2480 2494
f 2558 2480 2585
f 2504 2483 2486
f 2483 2504 2497
f 2506 2503 2489
f 2622 2489 2503
f 2496 2504 2486
f 2606 2494 2499
f 2494 2606 2585
f 2504 2496 2510
f 2496 2602 2510
f 2602 2496 2580
f 2513 2497 2504
f 2497 2513 2506
f 2499 2609 2606
f 2609 2502 2616
f 2506 2517 2503
f 2517 2622 2503
f 2504 2510 2513
f 2517 2506 2513
f 2836 2507 2632
f 2507 2836 2708
f 2523 2513 2510
f 2612 2523 2510
f 2612 2510 2602
f 2513 2523 2517
f 2755 2605 2516
f 2732 2516 2703
f 2755 2516 2732
f 2670 2517 2523
f 2622 2517 2670
f 2523 2612 2666
f 2743 2523 2666
f 2523 2743 2670
f 2600 2558 2585
f 2579 2558 2600
f 2599 2580 2557
f 2600 2585 2613
f 2606 2613 2585
f 2600 2603 2579
f 2580 2599 2615
f 2580 2639 2602
f 2639 2580 2615
f 2633 2615 2599
f 2603 2600 2618
f 2613 2618 2600
f 2602 2655 2612
f 2655 2602 2639
f 2618 2640 2603
f 2736 2605 2777
f 2777 2605 2755
f 2606 2609 2624
f 2613 2606 2624
f 2616 2629 2609
f 2629 2624 2609
f 2655 2666 2612
f 2618 2613 2642
f 2624 2642 2613
f 2615 2633 2660
f 2615 2660 2639
f 2675 2616 2706
f 2675 2629 2616
f 2640 2618 2665
f 2642 2665 2618
f 2642 2624 2654
f 2624 2629 2654
f 2649 2660 2633
f 2858 2632 2673
f 2632 2858 2836
f 2639 2680 2655
f 2680 2639 2660
f 2665 2681 2640
f 2654 2678 2642
f 2665 2642 2678
f 2674 2649 2657
f 2649 2674 2660
f 2654 2675 2693
f 2629 2675 2654
f 2678 2654 2693
f 2676 2657 2664
f 2657 2676 2674
f 2655 2696 2666
f 2696 2655 2680
f 2660 2674 2680
f 2692 2676 2664
f 2678 2709 2665
f 2681 2665 2709
f 2717 2666 2696
f 2731 2666 2717
f 2666 2731 2802
f 2743 2666 2802
f 2691 2674 2676
f 2674 2691 2680
f 2724 2693 2675
f 2706 2724 2675
f 2701 2691 2676
f 2676 2692 2701
f 2693 2709 2678
f 2738 2681 2709
f 2681 2738 2725
f 2691 2696 2680
f 2691 2717 2696
f 2691 2701 2714
f 2717 2691 2714
f 2720 2701 2692
f 2709 2693 2721
f 2693 2724 2721
f 2720 2714 2701
f 2722 2732 2703
f 2724 2706 2736
f 2708 2855 2763
f 2908 2708 2836
f 2911 2855 2708
f 2708 2908 2909
f 2911 2708 2909
f 2731 2717 2714
f 2714 2720 2731
f 2762 2709 2721
f 2709 2754 2738
f 2709 2762 2754
f 2767 2721 2724
f 2721 2767 2762
f 2743 2732 2722
f 2763 2731 2720
f 2736 2767 2724
f 2738 2759 2725
f 2732 2743 2760
f 2760 2755 2732
f 2855 2731 2763
f 2731 2855 2802
f 2808 2767 2736
f 2736 2777 2808
f 2754 2780 2738
f 2759 2738 2780
f 2760 2743 2784
f 2784 2743 2787
f 2802 2787 2743
f 2762 2799 2754
f 2780 2754 2799
f 2755 2760 2793
f 2784 2793 2760
f 2775 2759 2845
f 2780 2845 2759
f 2755 2808 2777
f 2793 2808 2755
f 2767 2810 2762
f 2799 2762 2810
f 2825 2767 2808
f 2810 2767 2870
f 2767 2825 2843
f 2767 2843 2870
f 2799 2845 2780
f 2787 2809 2784
f 2793 2784 2809
f 2802 2814 2787
f 2809 2787 2814
f 2793 2825 2808
f 2843 2793 2809
f 2793 2843 2825
f 2810 2875 2799
f 2845 2799 2875
f 2814 2802 2888
f 2855 2915 2802
f 2920 2888 2802
f 2920 2802 2915
f 2843 2809 2814
f 2875 2810 2870
f 2814 2888 2843
f 2858 2922 2836
f 2908 2836 2914
f 2836 2922 2914
f 2871 2851 2845
f 2845 2875 2871
f 2870 2843 2888
f 2851 2871 2853
f 2871 2856 2853
f 2855 2911 2912
f 2913 2855 2912
f 2915 2855 2913
f 2874 2864 2856
f 2856 2871 2874
f 2922 2858 2938
f 2858 2946 2938
f 2961 2946 2858
f 2961 2858 2960
f 2864 2874 2900
f 2960 2864 2900
f 2875 2870 2883
f 2900 2870 2888
f 2870 2900 2901
f 2870 2901 2883
f 2883 2871 2875
f 2871 2893 2874
f 2893 2900 2874
f 2883 2893 2871
f 2961 2900 2888
f 2901 2900 2893
f 2900 2961 2960
f 2893 2883 2901
f 2888 2920 2931
f 2888 2931 2942
f 2942 2961 2888
f 2961 2942 2944
f 2961 2944 2947
f 2946 2961 2947
